Designator,Mid X,Mid Y,Rotation,Layer
C1,103.3,-177.38,270.0,top
C10,105.1875,-154.6375,90.0,top
C11,117.9,-152.351,90.0,top
C12,116.4,-156.5,270.0,top
C13,108.6875,-146.3,0.0,top
C14,123.4,-148.6,0.0,top
C15,123.3,-147.0,0.0,top
C16,125.8,-144.58,90.0,top
C17,143.9,-99.6,90.0,top
C18,141.8,-110.4,180.0,top
C19,255.8,-98.9,180.0,top
C2,103.86,-180.85,180.0,top
C20,255.88,-110.7,180.0,top
C21,140.8,-134.6,180.0,top
C22,141.7,-122.6,180.0,top
C23,255.98,-122.9,180.0,top
C24,255.78,-134.6,180.0,top
C25,141.8,-158.625,180.0,top
C26,141.0,-146.825,180.0,top
C27,256.08,-146.9,180.0,top
C28,255.9,-158.7,180.0,top
C29,142.32,-182.7,180.0,top
C3,108.35,-173.76,180.0,top
C30,142.0,-170.9,180.0,top
C31,256.08,-170.9,180.0,top
C32,256.02,-182.6,180.0,top
C33,106.46,-181.49,270.0,top
C4,109.67,-183.82,90.0,top
C5,124.05,-174.93,90.0,top
C6,115.745,-160.41,180.0,top
C7,119.0,-150.7,0.0,top
C8,117.9,-154.351,90.0,top
C9,114.08,-158.07,180.0,top
D1,121.3,-141.525,180.0,top
D10,150.0,-121.0,90.0,top
D100,180.0,-103.0,90.0,top
D1000,240.0,-175.0,90.0,top
D1001,243.0,-175.0,90.0,top
D1002,222.0,-184.0,90.0,top
D1003,225.0,-184.0,90.0,top
D1004,228.0,-184.0,90.0,top
D1005,231.0,-184.0,90.0,top
D1006,234.0,-184.0,90.0,top
D1007,237.0,-184.0,90.0,top
D1008,240.0,-184.0,90.0,top
D1009,243.0,-184.0,90.0,top
D101,183.0,-103.0,90.0,top
D1010,222.0,-181.0,90.0,top
D1011,225.0,-181.0,90.0,top
D1012,228.0,-181.0,90.0,top
D1013,231.0,-181.0,90.0,top
D1014,234.0,-181.0,90.0,top
D1015,237.0,-181.0,90.0,top
D1016,240.0,-181.0,90.0,top
D1017,243.0,-181.0,90.0,top
D1018,222.0,-178.0,90.0,top
D1019,225.0,-178.0,90.0,top
D102,186.0,-103.0,90.0,top
D1020,228.0,-178.0,90.0,top
D1021,231.0,-178.0,90.0,top
D1022,234.0,-178.0,90.0,top
D1023,237.0,-178.0,90.0,top
D1024,240.0,-178.0,90.0,top
D1025,243.0,-178.0,90.0,top
D1026,116.1125,-170.54,0.0,top
D103,189.0,-103.0,90.0,top
D104,192.0,-103.0,90.0,top
D105,195.0,-103.0,90.0,top
D106,174.0,-112.0,90.0,top
D107,177.0,-112.0,90.0,top
D108,180.0,-112.0,90.0,top
D109,183.0,-112.0,90.0,top
D11,153.0,-121.0,90.0,top
D110,186.0,-112.0,90.0,top
D111,189.0,-112.0,90.0,top
D112,192.0,-112.0,90.0,top
D113,195.0,-112.0,90.0,top
D114,174.0,-109.0,90.0,top
D115,177.0,-109.0,90.0,top
D116,180.0,-109.0,90.0,top
D117,183.0,-109.0,90.0,top
D118,186.0,-109.0,90.0,top
D119,189.0,-109.0,90.0,top
D12,156.0,-121.0,90.0,top
D120,192.0,-109.0,90.0,top
D121,195.0,-109.0,90.0,top
D122,174.0,-106.0,90.0,top
D123,177.0,-106.0,90.0,top
D124,180.0,-106.0,90.0,top
D125,183.0,-106.0,90.0,top
D126,186.0,-106.0,90.0,top
D127,189.0,-106.0,90.0,top
D128,192.0,-106.0,90.0,top
D129,195.0,-106.0,90.0,top
D13,159.0,-121.0,90.0,top
D130,198.0,-115.0,90.0,top
D131,201.0,-115.0,90.0,top
D132,204.0,-115.0,90.0,top
D133,207.0,-115.0,90.0,top
D134,210.0,-115.0,90.0,top
D135,213.0,-115.0,90.0,top
D136,216.0,-115.0,90.0,top
D137,219.0,-115.0,90.0,top
D138,198.0,-121.0,90.0,top
D139,201.0,-121.0,90.0,top
D14,162.0,-121.0,90.0,top
D140,204.0,-121.0,90.0,top
D141,207.0,-121.0,90.0,top
D142,210.0,-121.0,90.0,top
D143,213.0,-121.0,90.0,top
D144,216.0,-121.0,90.0,top
D145,219.0,-121.0,90.0,top
D146,198.0,-118.0,90.0,top
D147,201.0,-118.0,90.0,top
D148,204.0,-118.0,90.0,top
D149,207.0,-118.0,90.0,top
D15,165.0,-121.0,90.0,top
D150,210.0,-118.0,90.0,top
D151,213.0,-118.0,90.0,top
D152,216.0,-118.0,90.0,top
D153,219.0,-118.0,90.0,top
D154,198.0,-100.0,90.0,top
D155,201.0,-100.0,90.0,top
D156,204.0,-100.0,90.0,top
D157,207.0,-100.0,90.0,top
D158,210.0,-100.0,90.0,top
D159,213.0,-100.0,90.0,top
D16,168.0,-121.0,90.0,top
D160,216.0,-100.0,90.0,top
D161,219.0,-100.0,90.0,top
D162,198.0,-103.0,90.0,top
D163,201.0,-103.0,90.0,top
D164,204.0,-103.0,90.0,top
D165,207.0,-103.0,90.0,top
D166,210.0,-103.0,90.0,top
D167,213.0,-103.0,90.0,top
D168,216.0,-103.0,90.0,top
D169,219.0,-103.0,90.0,top
D17,171.0,-121.0,90.0,top
D170,198.0,-112.0,90.0,top
D171,201.0,-112.0,90.0,top
D172,204.0,-112.0,90.0,top
D173,207.0,-112.0,90.0,top
D174,210.0,-112.0,90.0,top
D175,213.0,-112.0,90.0,top
D176,216.0,-112.0,90.0,top
D177,219.0,-112.0,90.0,top
D178,174.0,-139.0,90.0,top
D179,177.0,-139.0,90.0,top
D18,150.0,-118.0,90.0,top
D180,180.0,-139.0,90.0,top
D181,183.0,-139.0,90.0,top
D182,186.0,-139.0,90.0,top
D183,189.0,-139.0,90.0,top
D184,192.0,-139.0,90.0,top
D185,195.0,-139.0,90.0,top
D186,174.0,-145.0,90.0,top
D187,177.0,-145.0,90.0,top
D188,180.0,-145.0,90.0,top
D189,183.0,-145.0,90.0,top
D19,153.0,-118.0,90.0,top
D190,186.0,-145.0,90.0,top
D191,189.0,-145.0,90.0,top
D192,192.0,-145.0,90.0,top
D193,195.0,-145.0,90.0,top
D194,174.0,-142.0,90.0,top
D195,177.0,-142.0,90.0,top
D196,180.0,-142.0,90.0,top
D197,183.0,-142.0,90.0,top
D198,186.0,-142.0,90.0,top
D199,189.0,-142.0,90.0,top
D2,150.0,-115.0,90.0,top
D20,156.0,-118.0,90.0,top
D200,192.0,-142.0,90.0,top
D201,195.0,-142.0,90.0,top
D202,174.0,-124.0,90.0,top
D203,177.0,-124.0,90.0,top
D204,180.0,-124.0,90.0,top
D205,183.0,-124.0,90.0,top
D206,186.0,-124.0,90.0,top
D207,189.0,-124.0,90.0,top
D208,192.0,-124.0,90.0,top
D209,195.0,-124.0,90.0,top
D21,159.0,-118.0,90.0,top
D210,174.0,-127.0,90.0,top
D211,177.0,-127.0,90.0,top
D212,180.0,-127.0,90.0,top
D213,183.0,-127.0,90.0,top
D214,186.0,-127.0,90.0,top
D215,189.0,-127.0,90.0,top
D216,192.0,-127.0,90.0,top
D217,195.0,-127.0,90.0,top
D218,198.0,-109.0,90.0,top
D219,201.0,-109.0,90.0,top
D22,162.0,-118.0,90.0,top
D220,204.0,-109.0,90.0,top
D221,207.0,-109.0,90.0,top
D222,210.0,-109.0,90.0,top
D223,213.0,-109.0,90.0,top
D224,216.0,-109.0,90.0,top
D225,219.0,-109.0,90.0,top
D226,198.0,-106.0,90.0,top
D227,201.0,-106.0,90.0,top
D228,204.0,-106.0,90.0,top
D229,207.0,-106.0,90.0,top
D23,165.0,-118.0,90.0,top
D230,210.0,-106.0,90.0,top
D231,213.0,-106.0,90.0,top
D232,216.0,-106.0,90.0,top
D233,219.0,-106.0,90.0,top
D234,174.0,-136.0,90.0,top
D235,177.0,-136.0,90.0,top
D236,180.0,-136.0,90.0,top
D237,183.0,-136.0,90.0,top
D238,186.0,-136.0,90.0,top
D239,189.0,-136.0,90.0,top
D24,168.0,-118.0,90.0,top
D240,192.0,-136.0,90.0,top
D241,195.0,-136.0,90.0,top
D242,174.0,-133.0,90.0,top
D243,177.0,-133.0,90.0,top
D244,180.0,-133.0,90.0,top
D245,183.0,-133.0,90.0,top
D246,186.0,-133.0,90.0,top
D247,189.0,-133.0,90.0,top
D248,192.0,-133.0,90.0,top
D249,195.0,-133.0,90.0,top
D25,171.0,-118.0,90.0,top
D250,174.0,-130.0,90.0,top
D251,177.0,-130.0,90.0,top
D252,180.0,-130.0,90.0,top
D253,183.0,-130.0,90.0,top
D254,186.0,-130.0,90.0,top
D255,189.0,-130.0,90.0,top
D256,192.0,-130.0,90.0,top
D257,195.0,-130.0,90.0,top
D258,150.0,-139.0,90.0,top
D259,153.0,-139.0,90.0,top
D26,150.0,-100.0,90.0,top
D260,156.0,-139.0,90.0,top
D261,159.0,-139.0,90.0,top
D262,162.0,-139.0,90.0,top
D263,165.0,-139.0,90.0,top
D264,168.0,-139.0,90.0,top
D265,171.0,-139.0,90.0,top
D266,150.0,-145.0,90.0,top
D267,153.0,-145.0,90.0,top
D268,156.0,-145.0,90.0,top
D269,159.0,-145.0,90.0,top
D27,153.0,-100.0,90.0,top
D270,162.0,-145.0,90.0,top
D271,165.0,-145.0,90.0,top
D272,168.0,-145.0,90.0,top
D273,171.0,-145.0,90.0,top
D274,222.0,-115.0,90.0,top
D275,225.0,-115.0,90.0,top
D276,228.0,-115.0,90.0,top
D277,231.0,-115.0,90.0,top
D278,234.0,-115.0,90.0,top
D279,237.0,-115.0,90.0,top
D28,156.0,-100.0,90.0,top
D280,240.0,-115.0,90.0,top
D281,243.0,-115.0,90.0,top
D282,222.0,-121.0,90.0,top
D283,225.0,-121.0,90.0,top
D284,228.0,-121.0,90.0,top
D285,231.0,-121.0,90.0,top
D286,234.0,-121.0,90.0,top
D287,237.0,-121.0,90.0,top
D288,240.0,-121.0,90.0,top
D289,243.0,-121.0,90.0,top
D29,159.0,-100.0,90.0,top
D290,150.0,-142.0,90.0,top
D291,153.0,-142.0,90.0,top
D292,156.0,-142.0,90.0,top
D293,159.0,-142.0,90.0,top
D294,162.0,-142.0,90.0,top
D295,165.0,-142.0,90.0,top
D296,168.0,-142.0,90.0,top
D297,171.0,-142.0,90.0,top
D298,150.0,-124.0,90.0,top
D299,153.0,-124.0,90.0,top
D3,153.0,-115.0,90.0,top
D30,162.0,-100.0,90.0,top
D300,156.0,-124.0,90.0,top
D301,159.0,-124.0,90.0,top
D302,162.0,-124.0,90.0,top
D303,165.0,-124.0,90.0,top
D304,168.0,-124.0,90.0,top
D305,171.0,-124.0,90.0,top
D306,150.0,-127.0,90.0,top
D307,153.0,-127.0,90.0,top
D308,156.0,-127.0,90.0,top
D309,159.0,-127.0,90.0,top
D31,165.0,-100.0,90.0,top
D310,162.0,-127.0,90.0,top
D311,165.0,-127.0,90.0,top
D312,168.0,-127.0,90.0,top
D313,171.0,-127.0,90.0,top
D314,150.0,-136.0,90.0,top
D315,153.0,-136.0,90.0,top
D316,156.0,-136.0,90.0,top
D317,159.0,-136.0,90.0,top
D318,162.0,-136.0,90.0,top
D319,165.0,-136.0,90.0,top
D32,168.0,-100.0,90.0,top
D320,168.0,-136.0,90.0,top
D321,171.0,-136.0,90.0,top
D322,150.0,-133.0,90.0,top
D323,153.0,-133.0,90.0,top
D324,156.0,-133.0,90.0,top
D325,159.0,-133.0,90.0,top
D326,162.0,-133.0,90.0,top
D327,165.0,-133.0,90.0,top
D328,168.0,-133.0,90.0,top
D329,171.0,-133.0,90.0,top
D33,171.0,-100.0,90.0,top
D330,150.0,-130.0,90.0,top
D331,153.0,-130.0,90.0,top
D332,156.0,-130.0,90.0,top
D333,159.0,-130.0,90.0,top
D334,162.0,-130.0,90.0,top
D335,165.0,-130.0,90.0,top
D336,168.0,-130.0,90.0,top
D337,171.0,-130.0,90.0,top
D338,222.0,-118.0,90.0,top
D339,225.0,-118.0,90.0,top
D34,150.0,-103.0,90.0,top
D340,228.0,-118.0,90.0,top
D341,231.0,-118.0,90.0,top
D342,234.0,-118.0,90.0,top
D343,237.0,-118.0,90.0,top
D344,240.0,-118.0,90.0,top
D345,243.0,-118.0,90.0,top
D346,222.0,-100.0,90.0,top
D347,225.0,-100.0,90.0,top
D348,228.0,-100.0,90.0,top
D349,231.0,-100.0,90.0,top
D35,153.0,-103.0,90.0,top
D350,234.0,-100.0,90.0,top
D351,237.0,-100.0,90.0,top
D352,240.0,-100.0,90.0,top
D353,243.0,-100.0,90.0,top
D354,198.0,-139.0,90.0,top
D355,201.0,-139.0,90.0,top
D356,204.0,-139.0,90.0,top
D357,207.0,-139.0,90.0,top
D358,210.0,-139.0,90.0,top
D359,213.0,-139.0,90.0,top
D36,156.0,-103.0,90.0,top
D360,216.0,-139.0,90.0,top
D361,219.0,-139.0,90.0,top
D362,198.0,-145.0,90.0,top
D363,201.0,-145.0,90.0,top
D364,204.0,-145.0,90.0,top
D365,207.0,-145.0,90.0,top
D366,210.0,-145.0,90.0,top
D367,213.0,-145.0,90.0,top
D368,216.0,-145.0,90.0,top
D369,219.0,-145.0,90.0,top
D37,159.0,-103.0,90.0,top
D370,198.0,-142.0,90.0,top
D371,201.0,-142.0,90.0,top
D372,204.0,-142.0,90.0,top
D373,207.0,-142.0,90.0,top
D374,210.0,-142.0,90.0,top
D375,213.0,-142.0,90.0,top
D376,216.0,-142.0,90.0,top
D377,219.0,-142.0,90.0,top
D378,198.0,-124.0,90.0,top
D379,201.0,-124.0,90.0,top
D38,162.0,-103.0,90.0,top
D380,204.0,-124.0,90.0,top
D381,207.0,-124.0,90.0,top
D382,210.0,-124.0,90.0,top
D383,213.0,-124.0,90.0,top
D384,216.0,-124.0,90.0,top
D385,219.0,-124.0,90.0,top
D386,198.0,-127.0,90.0,top
D387,201.0,-127.0,90.0,top
D388,204.0,-127.0,90.0,top
D389,207.0,-127.0,90.0,top
D39,165.0,-103.0,90.0,top
D390,210.0,-127.0,90.0,top
D391,213.0,-127.0,90.0,top
D392,216.0,-127.0,90.0,top
D393,219.0,-127.0,90.0,top
D394,222.0,-103.0,90.0,top
D395,225.0,-103.0,90.0,top
D396,228.0,-103.0,90.0,top
D397,231.0,-103.0,90.0,top
D398,234.0,-103.0,90.0,top
D399,237.0,-103.0,90.0,top
D4,156.0,-115.0,90.0,top
D40,168.0,-103.0,90.0,top
D400,240.0,-103.0,90.0,top
D401,243.0,-103.0,90.0,top
D402,222.0,-112.0,90.0,top
D403,225.0,-112.0,90.0,top
D404,228.0,-112.0,90.0,top
D405,231.0,-112.0,90.0,top
D406,234.0,-112.0,90.0,top
D407,237.0,-112.0,90.0,top
D408,240.0,-112.0,90.0,top
D409,243.0,-112.0,90.0,top
D41,171.0,-103.0,90.0,top
D410,198.0,-136.0,90.0,top
D411,201.0,-136.0,90.0,top
D412,204.0,-136.0,90.0,top
D413,207.0,-136.0,90.0,top
D414,210.0,-136.0,90.0,top
D415,213.0,-136.0,90.0,top
D416,216.0,-136.0,90.0,top
D417,219.0,-136.0,90.0,top
D418,198.0,-133.0,90.0,top
D419,201.0,-133.0,90.0,top
D42,150.0,-112.0,90.0,top
D420,204.0,-133.0,90.0,top
D421,207.0,-133.0,90.0,top
D422,210.0,-133.0,90.0,top
D423,213.0,-133.0,90.0,top
D424,216.0,-133.0,90.0,top
D425,219.0,-133.0,90.0,top
D426,198.0,-130.0,90.0,top
D427,201.0,-130.0,90.0,top
D428,204.0,-130.0,90.0,top
D429,207.0,-130.0,90.0,top
D43,153.0,-112.0,90.0,top
D430,210.0,-130.0,90.0,top
D431,213.0,-130.0,90.0,top
D432,216.0,-130.0,90.0,top
D433,219.0,-130.0,90.0,top
D434,222.0,-139.0,90.0,top
D435,225.0,-139.0,90.0,top
D436,228.0,-139.0,90.0,top
D437,231.0,-139.0,90.0,top
D438,234.0,-139.0,90.0,top
D439,237.0,-139.0,90.0,top
D44,156.0,-112.0,90.0,top
D440,240.0,-139.0,90.0,top
D441,243.0,-139.0,90.0,top
D442,222.0,-145.0,90.0,top
D443,225.0,-145.0,90.0,top
D444,228.0,-145.0,90.0,top
D445,231.0,-145.0,90.0,top
D446,234.0,-145.0,90.0,top
D447,237.0,-145.0,90.0,top
D448,240.0,-145.0,90.0,top
D449,243.0,-145.0,90.0,top
D45,159.0,-112.0,90.0,top
D450,222.0,-109.0,90.0,top
D451,225.0,-109.0,90.0,top
D452,228.0,-109.0,90.0,top
D453,231.0,-109.0,90.0,top
D454,234.0,-109.0,90.0,top
D455,237.0,-109.0,90.0,top
D456,240.0,-109.0,90.0,top
D457,243.0,-109.0,90.0,top
D458,222.0,-106.0,90.0,top
D459,225.0,-106.0,90.0,top
D46,162.0,-112.0,90.0,top
D460,228.0,-106.0,90.0,top
D461,231.0,-106.0,90.0,top
D462,234.0,-106.0,90.0,top
D463,237.0,-106.0,90.0,top
D464,240.0,-106.0,90.0,top
D465,243.0,-106.0,90.0,top
D466,222.0,-142.0,90.0,top
D467,225.0,-142.0,90.0,top
D468,228.0,-142.0,90.0,top
D469,231.0,-142.0,90.0,top
D47,165.0,-112.0,90.0,top
D470,234.0,-142.0,90.0,top
D471,237.0,-142.0,90.0,top
D472,240.0,-142.0,90.0,top
D473,243.0,-142.0,90.0,top
D474,222.0,-124.0,90.0,top
D475,225.0,-124.0,90.0,top
D476,228.0,-124.0,90.0,top
D477,231.0,-124.0,90.0,top
D478,234.0,-124.0,90.0,top
D479,237.0,-124.0,90.0,top
D48,168.0,-112.0,90.0,top
D480,240.0,-124.0,90.0,top
D481,243.0,-124.0,90.0,top
D482,222.0,-127.0,90.0,top
D483,225.0,-127.0,90.0,top
D484,228.0,-127.0,90.0,top
D485,231.0,-127.0,90.0,top
D486,234.0,-127.0,90.0,top
D487,237.0,-127.0,90.0,top
D488,240.0,-127.0,90.0,top
D489,243.0,-127.0,90.0,top
D49,171.0,-112.0,90.0,top
D490,222.0,-136.0,90.0,top
D491,225.0,-136.0,90.0,top
D492,228.0,-136.0,90.0,top
D493,231.0,-136.0,90.0,top
D494,234.0,-136.0,90.0,top
D495,237.0,-136.0,90.0,top
D496,240.0,-136.0,90.0,top
D497,243.0,-136.0,90.0,top
D498,222.0,-133.0,90.0,top
D499,225.0,-133.0,90.0,top
D5,159.0,-115.0,90.0,top
D50,150.0,-109.0,90.0,top
D500,228.0,-133.0,90.0,top
D501,231.0,-133.0,90.0,top
D502,234.0,-133.0,90.0,top
D503,237.0,-133.0,90.0,top
D504,240.0,-133.0,90.0,top
D505,243.0,-133.0,90.0,top
D506,222.0,-130.0,90.0,top
D507,225.0,-130.0,90.0,top
D508,228.0,-130.0,90.0,top
D509,231.0,-130.0,90.0,top
D51,153.0,-109.0,90.0,top
D510,234.0,-130.0,90.0,top
D511,237.0,-130.0,90.0,top
D512,240.0,-130.0,90.0,top
D513,243.0,-130.0,90.0,top
D514,174.0,-163.0,90.0,top
D515,177.0,-163.0,90.0,top
D516,180.0,-163.0,90.0,top
D517,183.0,-163.0,90.0,top
D518,186.0,-163.0,90.0,top
D519,189.0,-163.0,90.0,top
D52,156.0,-109.0,90.0,top
D520,192.0,-163.0,90.0,top
D521,195.0,-163.0,90.0,top
D522,174.0,-169.0,90.0,top
D523,177.0,-169.0,90.0,top
D524,180.0,-169.0,90.0,top
D525,183.0,-169.0,90.0,top
D526,186.0,-169.0,90.0,top
D527,189.0,-169.0,90.0,top
D528,192.0,-169.0,90.0,top
D529,195.0,-169.0,90.0,top
D53,159.0,-109.0,90.0,top
D530,174.0,-166.0,90.0,top
D531,177.0,-166.0,90.0,top
D532,180.0,-166.0,90.0,top
D533,183.0,-166.0,90.0,top
D534,186.0,-166.0,90.0,top
D535,189.0,-166.0,90.0,top
D536,192.0,-166.0,90.0,top
D537,195.0,-166.0,90.0,top
D538,174.0,-148.0,90.0,top
D539,177.0,-148.0,90.0,top
D54,162.0,-109.0,90.0,top
D540,180.0,-148.0,90.0,top
D541,183.0,-148.0,90.0,top
D542,186.0,-148.0,90.0,top
D543,189.0,-148.0,90.0,top
D544,192.0,-148.0,90.0,top
D545,195.0,-148.0,90.0,top
D546,174.0,-151.0,90.0,top
D547,177.0,-151.0,90.0,top
D548,180.0,-151.0,90.0,top
D549,183.0,-151.0,90.0,top
D55,165.0,-109.0,90.0,top
D550,186.0,-151.0,90.0,top
D551,189.0,-151.0,90.0,top
D552,192.0,-151.0,90.0,top
D553,195.0,-151.0,90.0,top
D554,174.0,-160.0,90.0,top
D555,177.0,-160.0,90.0,top
D556,180.0,-160.0,90.0,top
D557,183.0,-160.0,90.0,top
D558,186.0,-160.0,90.0,top
D559,189.0,-160.0,90.0,top
D56,168.0,-109.0,90.0,top
D560,192.0,-160.0,90.0,top
D561,195.0,-160.0,90.0,top
D562,174.0,-157.0,90.0,top
D563,177.0,-157.0,90.0,top
D564,180.0,-157.0,90.0,top
D565,183.0,-157.0,90.0,top
D566,186.0,-157.0,90.0,top
D567,189.0,-157.0,90.0,top
D568,192.0,-157.0,90.0,top
D569,195.0,-157.0,90.0,top
D57,171.0,-109.0,90.0,top
D570,174.0,-154.0,90.0,top
D571,177.0,-154.0,90.0,top
D572,180.0,-154.0,90.0,top
D573,183.0,-154.0,90.0,top
D574,186.0,-154.0,90.0,top
D575,189.0,-154.0,90.0,top
D576,192.0,-154.0,90.0,top
D577,195.0,-154.0,90.0,top
D578,150.0,-163.0,90.0,top
D579,153.0,-163.0,90.0,top
D58,150.0,-106.0,90.0,top
D580,156.0,-163.0,90.0,top
D581,159.0,-163.0,90.0,top
D582,162.0,-163.0,90.0,top
D583,165.0,-163.0,90.0,top
D584,168.0,-163.0,90.0,top
D585,171.0,-163.0,90.0,top
D586,150.0,-169.0,90.0,top
D587,153.0,-169.0,90.0,top
D588,156.0,-169.0,90.0,top
D589,159.0,-169.0,90.0,top
D59,153.0,-106.0,90.0,top
D590,162.0,-169.0,90.0,top
D591,165.0,-169.0,90.0,top
D592,168.0,-169.0,90.0,top
D593,171.0,-169.0,90.0,top
D594,150.0,-166.0,90.0,top
D595,153.0,-166.0,90.0,top
D596,156.0,-166.0,90.0,top
D597,159.0,-166.0,90.0,top
D598,162.0,-166.0,90.0,top
D599,165.0,-166.0,90.0,top
D6,162.0,-115.0,90.0,top
D60,156.0,-106.0,90.0,top
D600,168.0,-166.0,90.0,top
D601,171.0,-166.0,90.0,top
D602,150.0,-148.0,90.0,top
D603,153.0,-148.0,90.0,top
D604,156.0,-148.0,90.0,top
D605,159.0,-148.0,90.0,top
D606,162.0,-148.0,90.0,top
D607,165.0,-148.0,90.0,top
D608,168.0,-148.0,90.0,top
D609,171.0,-148.0,90.0,top
D61,159.0,-106.0,90.0,top
D610,150.0,-151.0,90.0,top
D611,153.0,-151.0,90.0,top
D612,156.0,-151.0,90.0,top
D613,159.0,-151.0,90.0,top
D614,162.0,-151.0,90.0,top
D615,165.0,-151.0,90.0,top
D616,168.0,-151.0,90.0,top
D617,171.0,-151.0,90.0,top
D618,150.0,-160.0,90.0,top
D619,153.0,-160.0,90.0,top
D62,162.0,-106.0,90.0,top
D620,156.0,-160.0,90.0,top
D621,159.0,-160.0,90.0,top
D622,162.0,-160.0,90.0,top
D623,165.0,-160.0,90.0,top
D624,168.0,-160.0,90.0,top
D625,171.0,-160.0,90.0,top
D626,150.0,-157.0,90.0,top
D627,153.0,-157.0,90.0,top
D628,156.0,-157.0,90.0,top
D629,159.0,-157.0,90.0,top
D63,165.0,-106.0,90.0,top
D630,162.0,-157.0,90.0,top
D631,165.0,-157.0,90.0,top
D632,168.0,-157.0,90.0,top
D633,171.0,-157.0,90.0,top
D634,150.0,-154.0,90.0,top
D635,153.0,-154.0,90.0,top
D636,156.0,-154.0,90.0,top
D637,159.0,-154.0,90.0,top
D638,162.0,-154.0,90.0,top
D639,165.0,-154.0,90.0,top
D64,168.0,-106.0,90.0,top
D640,168.0,-154.0,90.0,top
D641,171.0,-154.0,90.0,top
D642,198.0,-163.0,90.0,top
D643,201.0,-163.0,90.0,top
D644,204.0,-163.0,90.0,top
D645,207.0,-163.0,90.0,top
D646,210.0,-163.0,90.0,top
D647,213.0,-163.0,90.0,top
D648,216.0,-163.0,90.0,top
D649,219.0,-163.0,90.0,top
D65,171.0,-106.0,90.0,top
D650,198.0,-169.0,90.0,top
D651,201.0,-169.0,90.0,top
D652,204.0,-169.0,90.0,top
D653,207.0,-169.0,90.0,top
D654,210.0,-169.0,90.0,top
D655,213.0,-169.0,90.0,top
D656,216.0,-169.0,90.0,top
D657,219.0,-169.0,90.0,top
D658,198.0,-166.0,90.0,top
D659,201.0,-166.0,90.0,top
D66,174.0,-115.0,90.0,top
D660,204.0,-166.0,90.0,top
D661,207.0,-166.0,90.0,top
D662,210.0,-166.0,90.0,top
D663,213.0,-166.0,90.0,top
D664,216.0,-166.0,90.0,top
D665,219.0,-166.0,90.0,top
D666,198.0,-148.0,90.0,top
D667,201.0,-148.0,90.0,top
D668,204.0,-148.0,90.0,top
D669,207.0,-148.0,90.0,top
D67,177.0,-115.0,90.0,top
D670,210.0,-148.0,90.0,top
D671,213.0,-148.0,90.0,top
D672,216.0,-148.0,90.0,top
D673,219.0,-148.0,90.0,top
D674,198.0,-151.0,90.0,top
D675,201.0,-151.0,90.0,top
D676,204.0,-151.0,90.0,top
D677,207.0,-151.0,90.0,top
D678,210.0,-151.0,90.0,top
D679,213.0,-151.0,90.0,top
D68,180.0,-115.0,90.0,top
D680,216.0,-151.0,90.0,top
D681,219.0,-151.0,90.0,top
D682,198.0,-160.0,90.0,top
D683,201.0,-160.0,90.0,top
D684,204.0,-160.0,90.0,top
D685,207.0,-160.0,90.0,top
D686,210.0,-160.0,90.0,top
D687,213.0,-160.0,90.0,top
D688,216.0,-160.0,90.0,top
D689,219.0,-160.0,90.0,top
D69,183.0,-115.0,90.0,top
D690,198.0,-157.0,90.0,top
D691,201.0,-157.0,90.0,top
D692,204.0,-157.0,90.0,top
D693,207.0,-157.0,90.0,top
D694,210.0,-157.0,90.0,top
D695,213.0,-157.0,90.0,top
D696,216.0,-157.0,90.0,top
D697,219.0,-157.0,90.0,top
D698,198.0,-154.0,90.0,top
D699,201.0,-154.0,90.0,top
D7,165.0,-115.0,90.0,top
D70,186.0,-115.0,90.0,top
D700,204.0,-154.0,90.0,top
D701,207.0,-154.0,90.0,top
D702,210.0,-154.0,90.0,top
D703,213.0,-154.0,90.0,top
D704,216.0,-154.0,90.0,top
D705,219.0,-154.0,90.0,top
D706,222.0,-163.0,90.0,top
D707,225.0,-163.0,90.0,top
D708,228.0,-163.0,90.0,top
D709,231.0,-163.0,90.0,top
D71,189.0,-115.0,90.0,top
D710,234.0,-163.0,90.0,top
D711,237.0,-163.0,90.0,top
D712,240.0,-163.0,90.0,top
D713,243.0,-163.0,90.0,top
D714,222.0,-169.0,90.0,top
D715,225.0,-169.0,90.0,top
D716,228.0,-169.0,90.0,top
D717,231.0,-169.0,90.0,top
D718,234.0,-169.0,90.0,top
D719,237.0,-169.0,90.0,top
D72,192.0,-115.0,90.0,top
D720,240.0,-169.0,90.0,top
D721,243.0,-169.0,90.0,top
D722,222.0,-166.0,90.0,top
D723,225.0,-166.0,90.0,top
D724,228.0,-166.0,90.0,top
D725,231.0,-166.0,90.0,top
D726,234.0,-166.0,90.0,top
D727,237.0,-166.0,90.0,top
D728,240.0,-166.0,90.0,top
D729,243.0,-166.0,90.0,top
D73,195.0,-115.0,90.0,top
D730,222.0,-148.0,90.0,top
D731,225.0,-148.0,90.0,top
D732,228.0,-148.0,90.0,top
D733,231.0,-148.0,90.0,top
D734,234.0,-148.0,90.0,top
D735,237.0,-148.0,90.0,top
D736,240.0,-148.0,90.0,top
D737,243.0,-148.0,90.0,top
D738,222.0,-151.0,90.0,top
D739,225.0,-151.0,90.0,top
D74,174.0,-121.0,90.0,top
D740,228.0,-151.0,90.0,top
D741,231.0,-151.0,90.0,top
D742,234.0,-151.0,90.0,top
D743,237.0,-151.0,90.0,top
D744,240.0,-151.0,90.0,top
D745,243.0,-151.0,90.0,top
D746,222.0,-160.0,90.0,top
D747,225.0,-160.0,90.0,top
D748,228.0,-160.0,90.0,top
D749,231.0,-160.0,90.0,top
D75,177.0,-121.0,90.0,top
D750,234.0,-160.0,90.0,top
D751,237.0,-160.0,90.0,top
D752,240.0,-160.0,90.0,top
D753,243.0,-160.0,90.0,top
D754,222.0,-157.0,90.0,top
D755,225.0,-157.0,90.0,top
D756,228.0,-157.0,90.0,top
D757,231.0,-157.0,90.0,top
D758,234.0,-157.0,90.0,top
D759,237.0,-157.0,90.0,top
D76,180.0,-121.0,90.0,top
D760,240.0,-157.0,90.0,top
D761,243.0,-157.0,90.0,top
D762,222.0,-154.0,90.0,top
D763,225.0,-154.0,90.0,top
D764,228.0,-154.0,90.0,top
D765,231.0,-154.0,90.0,top
D766,234.0,-154.0,90.0,top
D767,237.0,-154.0,90.0,top
D768,240.0,-154.0,90.0,top
D769,243.0,-154.0,90.0,top
D77,183.0,-121.0,90.0,top
D770,174.0,-187.0,90.0,top
D771,177.0,-187.0,90.0,top
D772,180.0,-187.0,90.0,top
D773,183.0,-187.0,90.0,top
D774,186.0,-187.0,90.0,top
D775,189.0,-187.0,90.0,top
D776,192.0,-187.0,90.0,top
D777,195.0,-187.0,90.0,top
D778,174.0,-193.0,90.0,top
D779,177.0,-193.0,90.0,top
D78,186.0,-121.0,90.0,top
D780,180.0,-193.0,90.0,top
D781,183.0,-193.0,90.0,top
D782,186.0,-193.0,90.0,top
D783,189.0,-193.0,90.0,top
D784,192.0,-193.0,90.0,top
D785,195.0,-193.0,90.0,top
D786,174.0,-190.0,90.0,top
D787,177.0,-190.0,90.0,top
D788,180.0,-190.0,90.0,top
D789,183.0,-190.0,90.0,top
D79,189.0,-121.0,90.0,top
D790,186.0,-190.0,90.0,top
D791,189.0,-190.0,90.0,top
D792,192.0,-190.0,90.0,top
D793,195.0,-190.0,90.0,top
D794,174.0,-172.0,90.0,top
D795,177.0,-172.0,90.0,top
D796,180.0,-172.0,90.0,top
D797,183.0,-172.0,90.0,top
D798,186.0,-172.0,90.0,top
D799,189.0,-172.0,90.0,top
D8,168.0,-115.0,90.0,top
D80,192.0,-121.0,90.0,top
D800,192.0,-172.0,90.0,top
D801,195.0,-172.0,90.0,top
D802,174.0,-175.0,90.0,top
D803,177.0,-175.0,90.0,top
D804,180.0,-175.0,90.0,top
D805,183.0,-175.0,90.0,top
D806,186.0,-175.0,90.0,top
D807,189.0,-175.0,90.0,top
D808,192.0,-175.0,90.0,top
D809,195.0,-175.0,90.0,top
D81,195.0,-121.0,90.0,top
D810,174.0,-184.0,90.0,top
D811,177.0,-184.0,90.0,top
D812,180.0,-184.0,90.0,top
D813,183.0,-184.0,90.0,top
D814,186.0,-184.0,90.0,top
D815,189.0,-184.0,90.0,top
D816,192.0,-184.0,90.0,top
D817,195.0,-184.0,90.0,top
D818,174.0,-181.0,90.0,top
D819,177.0,-181.0,90.0,top
D82,174.0,-118.0,90.0,top
D820,180.0,-181.0,90.0,top
D821,183.0,-181.0,90.0,top
D822,186.0,-181.0,90.0,top
D823,189.0,-181.0,90.0,top
D824,192.0,-181.0,90.0,top
D825,195.0,-181.0,90.0,top
D826,174.0,-178.0,90.0,top
D827,177.0,-178.0,90.0,top
D828,180.0,-178.0,90.0,top
D829,183.0,-178.0,90.0,top
D83,177.0,-118.0,90.0,top
D830,186.0,-178.0,90.0,top
D831,189.0,-178.0,90.0,top
D832,192.0,-178.0,90.0,top
D833,195.0,-178.0,90.0,top
D834,150.0,-187.0,90.0,top
D835,153.0,-187.0,90.0,top
D836,156.0,-187.0,90.0,top
D837,159.0,-187.0,90.0,top
D838,162.0,-187.0,90.0,top
D839,165.0,-187.0,90.0,top
D84,180.0,-118.0,90.0,top
D840,168.0,-187.0,90.0,top
D841,171.0,-187.0,90.0,top
D842,150.0,-193.0,90.0,top
D843,153.0,-193.0,90.0,top
D844,156.0,-193.0,90.0,top
D845,159.0,-193.0,90.0,top
D846,162.0,-193.0,90.0,top
D847,165.0,-193.0,90.0,top
D848,168.0,-193.0,90.0,top
D849,171.0,-193.0,90.0,top
D85,183.0,-118.0,90.0,top
D850,150.0,-190.0,90.0,top
D851,153.0,-190.0,90.0,top
D852,156.0,-190.0,90.0,top
D853,159.0,-190.0,90.0,top
D854,162.0,-190.0,90.0,top
D855,165.0,-190.0,90.0,top
D856,168.0,-190.0,90.0,top
D857,171.0,-190.0,90.0,top
D858,150.0,-172.0,90.0,top
D859,153.0,-172.0,90.0,top
D86,186.0,-118.0,90.0,top
D860,156.0,-172.0,90.0,top
D861,159.0,-172.0,90.0,top
D862,162.0,-172.0,90.0,top
D863,165.0,-172.0,90.0,top
D864,168.0,-172.0,90.0,top
D865,171.0,-172.0,90.0,top
D866,150.0,-175.0,90.0,top
D867,153.0,-175.0,90.0,top
D868,156.0,-175.0,90.0,top
D869,159.0,-175.0,90.0,top
D87,189.0,-118.0,90.0,top
D870,162.0,-175.0,90.0,top
D871,165.0,-175.0,90.0,top
D872,168.0,-175.0,90.0,top
D873,171.0,-175.0,90.0,top
D874,150.0,-184.0,90.0,top
D875,153.0,-184.0,90.0,top
D876,156.0,-184.0,90.0,top
D877,159.0,-184.0,90.0,top
D878,162.0,-184.0,90.0,top
D879,165.0,-184.0,90.0,top
D88,192.0,-118.0,90.0,top
D880,168.0,-184.0,90.0,top
D881,171.0,-184.0,90.0,top
D882,150.0,-181.0,90.0,top
D883,153.0,-181.0,90.0,top
D884,156.0,-181.0,90.0,top
D885,159.0,-181.0,90.0,top
D886,162.0,-181.0,90.0,top
D887,165.0,-181.0,90.0,top
D888,168.0,-181.0,90.0,top
D889,171.0,-181.0,90.0,top
D89,195.0,-118.0,90.0,top
D890,150.0,-178.0,90.0,top
D891,153.0,-178.0,90.0,top
D892,156.0,-178.0,90.0,top
D893,159.0,-178.0,90.0,top
D894,162.0,-178.0,90.0,top
D895,165.0,-178.0,90.0,top
D896,168.0,-178.0,90.0,top
D897,171.0,-178.0,90.0,top
D898,198.0,-187.0,90.0,top
D899,201.0,-187.0,90.0,top
D9,171.0,-115.0,90.0,top
D90,174.0,-100.0,90.0,top
D900,204.0,-187.0,90.0,top
D901,207.0,-187.0,90.0,top
D902,210.0,-187.0,90.0,top
D903,213.0,-187.0,90.0,top
D904,216.0,-187.0,90.0,top
D905,219.0,-187.0,90.0,top
D906,198.0,-193.0,90.0,top
D907,201.0,-193.0,90.0,top
D908,204.0,-193.0,90.0,top
D909,207.0,-193.0,90.0,top
D91,177.0,-100.0,90.0,top
D910,210.0,-193.0,90.0,top
D911,213.0,-193.0,90.0,top
D912,216.0,-193.0,90.0,top
D913,219.0,-193.0,90.0,top
D914,198.0,-190.0,90.0,top
D915,201.0,-190.0,90.0,top
D916,204.0,-190.0,90.0,top
D917,207.0,-190.0,90.0,top
D918,210.0,-190.0,90.0,top
D919,213.0,-190.0,90.0,top
D92,180.0,-100.0,90.0,top
D920,216.0,-190.0,90.0,top
D921,219.0,-190.0,90.0,top
D922,198.0,-172.0,90.0,top
D923,201.0,-172.0,90.0,top
D924,204.0,-172.0,90.0,top
D925,207.0,-172.0,90.0,top
D926,210.0,-172.0,90.0,top
D927,213.0,-172.0,90.0,top
D928,216.0,-172.0,90.0,top
D929,219.0,-172.0,90.0,top
D93,183.0,-100.0,90.0,top
D930,198.0,-175.0,90.0,top
D931,201.0,-175.0,90.0,top
D932,204.0,-175.0,90.0,top
D933,207.0,-175.0,90.0,top
D934,210.0,-175.0,90.0,top
D935,213.0,-175.0,90.0,top
D936,216.0,-175.0,90.0,top
D937,219.0,-175.0,90.0,top
D938,198.0,-184.0,90.0,top
D939,201.0,-184.0,90.0,top
D94,186.0,-100.0,90.0,top
D940,204.0,-184.0,90.0,top
D941,207.0,-184.0,90.0,top
D942,210.0,-184.0,90.0,top
D943,213.0,-184.0,90.0,top
D944,216.0,-184.0,90.0,top
D945,219.0,-184.0,90.0,top
D946,198.0,-181.0,90.0,top
D947,201.0,-181.0,90.0,top
D948,204.0,-181.0,90.0,top
D949,207.0,-181.0,90.0,top
D95,189.0,-100.0,90.0,top
D950,210.0,-181.0,90.0,top
D951,213.0,-181.0,90.0,top
D952,216.0,-181.0,90.0,top
D953,219.0,-181.0,90.0,top
D954,198.0,-178.0,90.0,top
D955,201.0,-178.0,90.0,top
D956,204.0,-178.0,90.0,top
D957,207.0,-178.0,90.0,top
D958,210.0,-178.0,90.0,top
D959,213.0,-178.0,90.0,top
D96,192.0,-100.0,90.0,top
D960,216.0,-178.0,90.0,top
D961,219.0,-178.0,90.0,top
D962,222.0,-187.0,90.0,top
D963,225.0,-187.0,90.0,top
D964,228.0,-187.0,90.0,top
D965,231.0,-187.0,90.0,top
D966,234.0,-187.0,90.0,top
D967,237.0,-187.0,90.0,top
D968,240.0,-187.0,90.0,top
D969,243.0,-187.0,90.0,top
D97,195.0,-100.0,90.0,top
D970,222.0,-193.0,90.0,top
D971,225.0,-193.0,90.0,top
D972,228.0,-193.0,90.0,top
D973,231.0,-193.0,90.0,top
D974,234.0,-193.0,90.0,top
D975,237.0,-193.0,90.0,top
D976,240.0,-193.0,90.0,top
D977,243.0,-193.0,90.0,top
D978,222.0,-190.0,90.0,top
D979,225.0,-190.0,90.0,top
D98,174.0,-103.0,90.0,top
D980,228.0,-190.0,90.0,top
D981,231.0,-190.0,90.0,top
D982,234.0,-190.0,90.0,top
D983,237.0,-190.0,90.0,top
D984,240.0,-190.0,90.0,top
D985,243.0,-190.0,90.0,top
D986,222.0,-172.0,90.0,top
D987,225.0,-172.0,90.0,top
D988,228.0,-172.0,90.0,top
D989,231.0,-172.0,90.0,top
D99,177.0,-103.0,90.0,top
D990,234.0,-172.0,90.0,top
D991,237.0,-172.0,90.0,top
D992,240.0,-172.0,90.0,top
D993,243.0,-172.0,90.0,top
D994,222.0,-175.0,90.0,top
D995,225.0,-175.0,90.0,top
D996,228.0,-175.0,90.0,top
D997,231.0,-175.0,90.0,top
D998,234.0,-175.0,90.0,top
D999,237.0,-175.0,90.0,top
FB1,123.4,-145.1,0.0,top
J1,98.03,-174.78,0.0,top
J2,99.35,-153.35,270.0,top
L1,117.72,-177.51,0.0,top
Q1,118.5375,-137.15,180.0,top
Q2,126.5375,-113.15,180.0,top
Q3,118.5375,-129.15,180.0,top
Q4,126.5375,-121.15,180.0,top
Q5,118.5375,-121.15,180.0,top
Q6,126.5375,-129.15,180.0,top
Q7,118.5375,-113.15,180.0,top
Q8,126.5375,-137.15,180.0,top
R1,116.4225,-183.08,180.0,top
R10,134.0,-102.866666,180.0,top
R100,247.99,-164.966666,180.0,top
R101,247.99,-166.399999,180.0,top
R102,247.99,-167.833334,180.0,top
R103,145.366667,-185.282,0.0,top
R104,133.991667,-183.848667,180.0,top
R105,133.991667,-185.282,180.0,top
R106,133.991667,-186.715333,180.0,top
R107,133.991667,-188.148666,180.0,top
R108,133.991667,-189.581999,180.0,top
R109,133.991667,-191.015332,180.0,top
R11,134.0,-104.299999,180.0,top
R110,133.991667,-192.448667,180.0,top
R111,145.375,-173.433333,0.0,top
R112,134.0,-172.0,180.0,top
R113,134.0,-173.433333,180.0,top
R114,134.0,-174.866666,180.0,top
R115,134.0,-176.299999,180.0,top
R116,134.0,-177.733332,180.0,top
R117,134.0,-179.166665,180.0,top
R118,134.0,-180.6,180.0,top
R119,258.385,-173.628335,0.0,top
R12,134.0,-105.733332,180.0,top
R120,247.91,-171.433335,180.0,top
R121,247.91,-172.866668,180.0,top
R122,247.91,-174.300001,180.0,top
R123,247.91,-175.733334,180.0,top
R124,247.91,-177.166667,180.0,top
R125,247.91,-178.6,180.0,top
R126,247.91,-180.033335,180.0,top
R127,258.385,-185.438335,0.0,top
R128,247.99,-183.233334,180.0,top
R129,247.99,-184.666667,180.0,top
R13,134.0,-107.166665,180.0,top
R130,247.99,-186.1,180.0,top
R131,247.99,-187.533333,180.0,top
R132,247.99,-188.966666,180.0,top
R133,247.99,-190.399999,180.0,top
R134,247.99,-191.833334,180.0,top
R135,108.32,-181.72,270.0,top
R136,108.39,-183.78,270.0,top
R14,134.0,-108.6,180.0,top
R15,145.366667,-113.282,0.0,top
R16,133.991667,-111.848667,180.0,top
R17,133.991667,-113.282,180.0,top
R18,133.991667,-114.715333,180.0,top
R19,133.991667,-116.148666,180.0,top
R2,114.79,-185.18,0.0,top
R20,133.991667,-117.581999,180.0,top
R21,133.991667,-119.015332,180.0,top
R22,133.991667,-120.448667,180.0,top
R23,258.385,-101.628335,0.0,top
R24,247.91,-99.433335,180.0,top
R25,247.91,-100.866668,180.0,top
R26,247.91,-102.300001,180.0,top
R27,247.91,-103.733334,180.0,top
R28,247.91,-105.166667,180.0,top
R29,247.91,-106.6,180.0,top
R3,117.67,-185.08,0.0,top
R30,247.91,-108.033335,180.0,top
R31,258.385,-113.438335,0.0,top
R32,247.99,-111.233334,180.0,top
R33,247.99,-112.666667,180.0,top
R34,247.99,-114.1,180.0,top
R35,247.99,-115.533333,180.0,top
R36,247.99,-116.966666,180.0,top
R37,247.99,-118.399999,180.0,top
R38,247.99,-119.833334,180.0,top
R39,145.366667,-137.282,0.0,top
R4,112.31,-160.86,90.0,top
R40,133.991667,-135.848667,180.0,top
R41,133.991667,-137.282,180.0,top
R42,133.991667,-138.715333,180.0,top
R43,133.991667,-140.148666,180.0,top
R44,133.991667,-141.581999,180.0,top
R45,133.991667,-143.015332,180.0,top
R46,133.991667,-144.448667,180.0,top
R47,145.375,-125.433333,0.0,top
R48,134.0,-124.0,180.0,top
R49,134.0,-125.433333,180.0,top
R5,119.6,-145.0,270.0,top
R50,134.0,-126.866666,180.0,top
R51,134.0,-128.299999,180.0,top
R52,134.0,-129.733332,180.0,top
R53,134.0,-131.166665,180.0,top
R54,134.0,-132.6,180.0,top
R55,258.385,-125.628335,0.0,top
R56,247.91,-123.433335,180.0,top
R57,247.91,-124.866668,180.0,top
R58,247.91,-126.300001,180.0,top
R59,247.91,-127.733334,180.0,top
R6,103.9,-154.345,270.0,top
R60,247.91,-129.166667,180.0,top
R61,247.91,-130.6,180.0,top
R62,247.91,-132.033335,180.0,top
R63,258.385,-137.438335,0.0,top
R64,247.99,-135.233334,180.0,top
R65,247.99,-136.666667,180.0,top
R66,247.99,-138.1,180.0,top
R67,247.99,-139.533333,180.0,top
R68,247.99,-140.966666,180.0,top
R69,247.99,-142.399999,180.0,top
R7,145.375,-101.433333,0.0,top
R70,247.99,-143.833334,180.0,top
R71,145.366667,-161.282,0.0,top
R72,133.991667,-159.848667,180.0,top
R73,133.991667,-161.282,180.0,top
R74,133.991667,-162.715333,180.0,top
R75,133.991667,-164.148666,180.0,top
R76,133.991667,-165.581999,180.0,top
R77,133.991667,-167.015332,180.0,top
R78,133.991667,-168.448667,180.0,top
R79,145.375,-149.433333,0.0,top
R8,134.0,-100.0,180.0,top
R80,134.0,-148.0,180.0,top
R81,134.0,-149.433333,180.0,top
R82,134.0,-150.866666,180.0,top
R83,134.0,-152.299999,180.0,top
R84,134.0,-153.733332,180.0,top
R85,134.0,-155.166665,180.0,top
R86,134.0,-156.6,180.0,top
R87,258.385,-149.628335,0.0,top
R88,247.91,-147.433335,180.0,top
R89,247.91,-148.866668,180.0,top
R9,134.0,-101.433333,180.0,top
R90,247.91,-150.300001,180.0,top
R91,247.91,-151.733334,180.0,top
R92,247.91,-153.166667,180.0,top
R93,247.91,-154.6,180.0,top
R94,247.91,-156.033335,180.0,top
R95,258.385,-161.438335,0.0,top
R96,247.99,-159.233334,180.0,top
R97,247.99,-160.666667,180.0,top
R98,247.99,-162.1,180.0,top
R99,247.99,-163.533333,180.0,top
U1,108.55,-177.07,270.0,top
U10,253.325,-140.405,270.0,top
U11,139.675,-164.405,270.0,top
U12,139.675,-152.595,270.0,top
U13,253.325,-152.595,270.0,top
U14,253.325,-164.405,270.0,top
U15,139.675,-188.405,270.0,top
U16,139.675,-176.595,270.0,top
U17,253.325,-176.595,270.0,top
U18,253.325,-188.405,270.0,top
U2,111.1875,-152.1375,90.0,top
U3,139.675,-104.595,270.0,top
U4,139.675,-116.405,270.0,top
U5,253.325,-104.595,270.0,top
U6,253.325,-116.405,270.0,top
U7,139.675,-140.405,270.0,top
U8,139.675,-128.595,270.0,top
U9,253.325,-128.595,270.0,top
Y1,120.4,-153.751,90.0,top
