Ref,Val,Package,PosX,PosY,Rot,Side
"C1","10u","C_0603_1608Metric",101.925000,-166.900000,180.000000,top
"C2","10n","C_0402_1005Metric",104.000000,-169.500000,180.000000,top
"C3","100n","C_0402_1005Metric",108.800000,-164.200000,180.000000,top
"C4","10n","C_0402_1005Metric",107.000000,-171.300000,-90.000000,top
"C5","22u","C_0805_2012Metric",123.200000,-165.700000,0.000000,top
"C6","10u","C_0603_1608Metric",114.080000,-160.070000,180.000000,top
"C7","100n","C_0402_1005Metric",119.000000,-150.700000,0.000000,top
"C8","10p","C_0402_1005Metric",117.900000,-154.351000,90.000000,top
"C9","100n","C_0402_1005Metric",114.080000,-158.070000,180.000000,top
"C10","100n","C_0402_1005Metric",105.187500,-154.637500,90.000000,top
"C11","10p","C_0402_1005Metric",117.900000,-152.351000,90.000000,top
"C12","100n","C_0402_1005Metric",116.400000,-156.500000,-90.000000,top
"C13","100n","C_0402_1005Metric",108.687500,-146.300000,0.000000,top
"C14","10n","C_0603_1608Metric",123.400000,-148.600000,0.000000,top
"C15","1u","C_0402_1005Metric",123.300000,-147.000000,0.000000,top
"C16","1u","C_0402_1005Metric",125.800000,-144.580000,90.000000,top
"C17","100n","C_0402_1005Metric",143.900000,-99.600000,90.000000,top
"C18","100n","C_0402_1005Metric",141.800000,-110.400000,180.000000,top
"C19","100n","C_0402_1005Metric",255.800000,-98.900000,180.000000,top
"C20","100n","C_0402_1005Metric",255.880000,-110.700000,180.000000,top
"C21","100n","C_0402_1005Metric",140.800000,-134.600000,180.000000,top
"C22","100n","C_0402_1005Metric",141.700000,-122.600000,180.000000,top
"C23","100n","C_0402_1005Metric",255.980000,-122.900000,180.000000,top
"C24","100n","C_0402_1005Metric",255.780000,-134.600000,180.000000,top
"C25","100n","C_0402_1005Metric",141.800000,-158.625000,180.000000,top
"C26","100n","C_0402_1005Metric",141.000000,-146.825000,180.000000,top
"C27","100n","C_0402_1005Metric",256.080000,-146.900000,180.000000,top
"C28","100n","C_0402_1005Metric",255.900000,-158.700000,180.000000,top
"C29","100n","C_0402_1005Metric",142.320000,-182.700000,180.000000,top
"C30","100n","C_0402_1005Metric",142.000000,-170.900000,180.000000,top
"C31","100n","C_0402_1005Metric",256.080000,-170.900000,180.000000,top
"C32","100n","C_0402_1005Metric",256.020000,-182.600000,180.000000,top
"D1","GREEN_LIGHT","LED_1206_3216Metric",121.300000,-141.525000,180.000000,top
"D2","RED","LED_0603_1608Metric",150.000000,-115.000000,90.000000,top
"D3","RED","LED_0603_1608Metric",153.000000,-115.000000,90.000000,top
"D4","RED","LED_0603_1608Metric",156.000000,-115.000000,90.000000,top
"D5","RED","LED_0603_1608Metric",159.000000,-115.000000,90.000000,top
"D6","RED","LED_0603_1608Metric",162.000000,-115.000000,90.000000,top
"D7","RED","LED_0603_1608Metric",165.000000,-115.000000,90.000000,top
"D8","RED","LED_0603_1608Metric",168.000000,-115.000000,90.000000,top
"D9","RED","LED_0603_1608Metric",171.000000,-115.000000,90.000000,top
"D10","RED","LED_0603_1608Metric",150.000000,-121.000000,90.000000,top
"D11","RED","LED_0603_1608Metric",153.000000,-121.000000,90.000000,top
"D12","RED","LED_0603_1608Metric",156.000000,-121.000000,90.000000,top
"D13","RED","LED_0603_1608Metric",159.000000,-121.000000,90.000000,top
"D14","RED","LED_0603_1608Metric",162.000000,-121.000000,90.000000,top
"D15","RED","LED_0603_1608Metric",165.000000,-121.000000,90.000000,top
"D16","RED","LED_0603_1608Metric",168.000000,-121.000000,90.000000,top
"D17","RED","LED_0603_1608Metric",171.000000,-121.000000,90.000000,top
"D18","RED","LED_0603_1608Metric",150.000000,-118.000000,90.000000,top
"D19","RED","LED_0603_1608Metric",153.000000,-118.000000,90.000000,top
"D20","RED","LED_0603_1608Metric",156.000000,-118.000000,90.000000,top
"D21","RED","LED_0603_1608Metric",159.000000,-118.000000,90.000000,top
"D22","RED","LED_0603_1608Metric",162.000000,-118.000000,90.000000,top
"D23","RED","LED_0603_1608Metric",165.000000,-118.000000,90.000000,top
"D24","RED","LED_0603_1608Metric",168.000000,-118.000000,90.000000,top
"D25","RED","LED_0603_1608Metric",171.000000,-118.000000,90.000000,top
"D26","RED","LED_0603_1608Metric",150.000000,-100.000000,90.000000,top
"D27","RED","LED_0603_1608Metric",153.000000,-100.000000,90.000000,top
"D28","RED","LED_0603_1608Metric",156.000000,-100.000000,90.000000,top
"D29","RED","LED_0603_1608Metric",159.000000,-100.000000,90.000000,top
"D30","RED","LED_0603_1608Metric",162.000000,-100.000000,90.000000,top
"D31","RED","LED_0603_1608Metric",165.000000,-100.000000,90.000000,top
"D32","RED","LED_0603_1608Metric",168.000000,-100.000000,90.000000,top
"D33","RED","LED_0603_1608Metric",171.000000,-100.000000,90.000000,top
"D34","RED","LED_0603_1608Metric",150.000000,-103.000000,90.000000,top
"D35","RED","LED_0603_1608Metric",153.000000,-103.000000,90.000000,top
"D36","RED","LED_0603_1608Metric",156.000000,-103.000000,90.000000,top
"D37","RED","LED_0603_1608Metric",159.000000,-103.000000,90.000000,top
"D38","RED","LED_0603_1608Metric",162.000000,-103.000000,90.000000,top
"D39","RED","LED_0603_1608Metric",165.000000,-103.000000,90.000000,top
"D40","RED","LED_0603_1608Metric",168.000000,-103.000000,90.000000,top
"D41","RED","LED_0603_1608Metric",171.000000,-103.000000,90.000000,top
"D42","RED","LED_0603_1608Metric",150.000000,-112.000000,90.000000,top
"D43","RED","LED_0603_1608Metric",153.000000,-112.000000,90.000000,top
"D44","RED","LED_0603_1608Metric",156.000000,-112.000000,90.000000,top
"D45","RED","LED_0603_1608Metric",159.000000,-112.000000,90.000000,top
"D46","RED","LED_0603_1608Metric",162.000000,-112.000000,90.000000,top
"D47","RED","LED_0603_1608Metric",165.000000,-112.000000,90.000000,top
"D48","RED","LED_0603_1608Metric",168.000000,-112.000000,90.000000,top
"D49","RED","LED_0603_1608Metric",171.000000,-112.000000,90.000000,top
"D50","RED","LED_0603_1608Metric",150.000000,-109.000000,90.000000,top
"D51","RED","LED_0603_1608Metric",153.000000,-109.000000,90.000000,top
"D52","RED","LED_0603_1608Metric",156.000000,-109.000000,90.000000,top
"D53","RED","LED_0603_1608Metric",159.000000,-109.000000,90.000000,top
"D54","RED","LED_0603_1608Metric",162.000000,-109.000000,90.000000,top
"D55","RED","LED_0603_1608Metric",165.000000,-109.000000,90.000000,top
"D56","RED","LED_0603_1608Metric",168.000000,-109.000000,90.000000,top
"D57","RED","LED_0603_1608Metric",171.000000,-109.000000,90.000000,top
"D58","RED","LED_0603_1608Metric",150.000000,-106.000000,90.000000,top
"D59","RED","LED_0603_1608Metric",153.000000,-106.000000,90.000000,top
"D60","RED","LED_0603_1608Metric",156.000000,-106.000000,90.000000,top
"D61","RED","LED_0603_1608Metric",159.000000,-106.000000,90.000000,top
"D62","RED","LED_0603_1608Metric",162.000000,-106.000000,90.000000,top
"D63","RED","LED_0603_1608Metric",165.000000,-106.000000,90.000000,top
"D64","RED","LED_0603_1608Metric",168.000000,-106.000000,90.000000,top
"D65","RED","LED_0603_1608Metric",171.000000,-106.000000,90.000000,top
"D66","RED","LED_0603_1608Metric",174.000000,-115.000000,90.000000,top
"D67","RED","LED_0603_1608Metric",177.000000,-115.000000,90.000000,top
"D68","RED","LED_0603_1608Metric",180.000000,-115.000000,90.000000,top
"D69","RED","LED_0603_1608Metric",183.000000,-115.000000,90.000000,top
"D70","RED","LED_0603_1608Metric",186.000000,-115.000000,90.000000,top
"D71","RED","LED_0603_1608Metric",189.000000,-115.000000,90.000000,top
"D72","RED","LED_0603_1608Metric",192.000000,-115.000000,90.000000,top
"D73","RED","LED_0603_1608Metric",195.000000,-115.000000,90.000000,top
"D74","RED","LED_0603_1608Metric",174.000000,-121.000000,90.000000,top
"D75","RED","LED_0603_1608Metric",177.000000,-121.000000,90.000000,top
"D76","RED","LED_0603_1608Metric",180.000000,-121.000000,90.000000,top
"D77","RED","LED_0603_1608Metric",183.000000,-121.000000,90.000000,top
"D78","RED","LED_0603_1608Metric",186.000000,-121.000000,90.000000,top
"D79","RED","LED_0603_1608Metric",189.000000,-121.000000,90.000000,top
"D80","RED","LED_0603_1608Metric",192.000000,-121.000000,90.000000,top
"D81","RED","LED_0603_1608Metric",195.000000,-121.000000,90.000000,top
"D82","RED","LED_0603_1608Metric",174.000000,-118.000000,90.000000,top
"D83","RED","LED_0603_1608Metric",177.000000,-118.000000,90.000000,top
"D84","RED","LED_0603_1608Metric",180.000000,-118.000000,90.000000,top
"D85","RED","LED_0603_1608Metric",183.000000,-118.000000,90.000000,top
"D86","RED","LED_0603_1608Metric",186.000000,-118.000000,90.000000,top
"D87","RED","LED_0603_1608Metric",189.000000,-118.000000,90.000000,top
"D88","RED","LED_0603_1608Metric",192.000000,-118.000000,90.000000,top
"D89","RED","LED_0603_1608Metric",195.000000,-118.000000,90.000000,top
"D90","RED","LED_0603_1608Metric",174.000000,-100.000000,90.000000,top
"D91","RED","LED_0603_1608Metric",177.000000,-100.000000,90.000000,top
"D92","RED","LED_0603_1608Metric",180.000000,-100.000000,90.000000,top
"D93","RED","LED_0603_1608Metric",183.000000,-100.000000,90.000000,top
"D94","RED","LED_0603_1608Metric",186.000000,-100.000000,90.000000,top
"D95","RED","LED_0603_1608Metric",189.000000,-100.000000,90.000000,top
"D96","RED","LED_0603_1608Metric",192.000000,-100.000000,90.000000,top
"D97","RED","LED_0603_1608Metric",195.000000,-100.000000,90.000000,top
"D98","RED","LED_0603_1608Metric",174.000000,-103.000000,90.000000,top
"D99","RED","LED_0603_1608Metric",177.000000,-103.000000,90.000000,top
"D100","RED","LED_0603_1608Metric",180.000000,-103.000000,90.000000,top
"D101","RED","LED_0603_1608Metric",183.000000,-103.000000,90.000000,top
"D102","RED","LED_0603_1608Metric",186.000000,-103.000000,90.000000,top
"D103","RED","LED_0603_1608Metric",189.000000,-103.000000,90.000000,top
"D104","RED","LED_0603_1608Metric",192.000000,-103.000000,90.000000,top
"D105","RED","LED_0603_1608Metric",195.000000,-103.000000,90.000000,top
"D106","RED","LED_0603_1608Metric",174.000000,-112.000000,90.000000,top
"D107","RED","LED_0603_1608Metric",177.000000,-112.000000,90.000000,top
"D108","RED","LED_0603_1608Metric",180.000000,-112.000000,90.000000,top
"D109","RED","LED_0603_1608Metric",183.000000,-112.000000,90.000000,top
"D110","RED","LED_0603_1608Metric",186.000000,-112.000000,90.000000,top
"D111","RED","LED_0603_1608Metric",189.000000,-112.000000,90.000000,top
"D112","RED","LED_0603_1608Metric",192.000000,-112.000000,90.000000,top
"D113","RED","LED_0603_1608Metric",195.000000,-112.000000,90.000000,top
"D114","RED","LED_0603_1608Metric",174.000000,-109.000000,90.000000,top
"D115","RED","LED_0603_1608Metric",177.000000,-109.000000,90.000000,top
"D116","RED","LED_0603_1608Metric",180.000000,-109.000000,90.000000,top
"D117","RED","LED_0603_1608Metric",183.000000,-109.000000,90.000000,top
"D118","RED","LED_0603_1608Metric",186.000000,-109.000000,90.000000,top
"D119","RED","LED_0603_1608Metric",189.000000,-109.000000,90.000000,top
"D120","RED","LED_0603_1608Metric",192.000000,-109.000000,90.000000,top
"D121","RED","LED_0603_1608Metric",195.000000,-109.000000,90.000000,top
"D122","RED","LED_0603_1608Metric",174.000000,-106.000000,90.000000,top
"D123","RED","LED_0603_1608Metric",177.000000,-106.000000,90.000000,top
"D124","RED","LED_0603_1608Metric",180.000000,-106.000000,90.000000,top
"D125","RED","LED_0603_1608Metric",183.000000,-106.000000,90.000000,top
"D126","RED","LED_0603_1608Metric",186.000000,-106.000000,90.000000,top
"D127","RED","LED_0603_1608Metric",189.000000,-106.000000,90.000000,top
"D128","RED","LED_0603_1608Metric",192.000000,-106.000000,90.000000,top
"D129","RED","LED_0603_1608Metric",195.000000,-106.000000,90.000000,top
"D130","RED","LED_0603_1608Metric",198.000000,-115.000000,90.000000,top
"D131","RED","LED_0603_1608Metric",201.000000,-115.000000,90.000000,top
"D132","RED","LED_0603_1608Metric",204.000000,-115.000000,90.000000,top
"D133","RED","LED_0603_1608Metric",207.000000,-115.000000,90.000000,top
"D134","RED","LED_0603_1608Metric",210.000000,-115.000000,90.000000,top
"D135","RED","LED_0603_1608Metric",213.000000,-115.000000,90.000000,top
"D136","RED","LED_0603_1608Metric",216.000000,-115.000000,90.000000,top
"D137","RED","LED_0603_1608Metric",219.000000,-115.000000,90.000000,top
"D138","RED","LED_0603_1608Metric",198.000000,-121.000000,90.000000,top
"D139","RED","LED_0603_1608Metric",201.000000,-121.000000,90.000000,top
"D140","RED","LED_0603_1608Metric",204.000000,-121.000000,90.000000,top
"D141","RED","LED_0603_1608Metric",207.000000,-121.000000,90.000000,top
"D142","RED","LED_0603_1608Metric",210.000000,-121.000000,90.000000,top
"D143","RED","LED_0603_1608Metric",213.000000,-121.000000,90.000000,top
"D144","RED","LED_0603_1608Metric",216.000000,-121.000000,90.000000,top
"D145","RED","LED_0603_1608Metric",219.000000,-121.000000,90.000000,top
"D146","RED","LED_0603_1608Metric",198.000000,-118.000000,90.000000,top
"D147","RED","LED_0603_1608Metric",201.000000,-118.000000,90.000000,top
"D148","RED","LED_0603_1608Metric",204.000000,-118.000000,90.000000,top
"D149","RED","LED_0603_1608Metric",207.000000,-118.000000,90.000000,top
"D150","RED","LED_0603_1608Metric",210.000000,-118.000000,90.000000,top
"D151","RED","LED_0603_1608Metric",213.000000,-118.000000,90.000000,top
"D152","RED","LED_0603_1608Metric",216.000000,-118.000000,90.000000,top
"D153","RED","LED_0603_1608Metric",219.000000,-118.000000,90.000000,top
"D154","RED","LED_0603_1608Metric",198.000000,-100.000000,90.000000,top
"D155","RED","LED_0603_1608Metric",201.000000,-100.000000,90.000000,top
"D156","RED","LED_0603_1608Metric",204.000000,-100.000000,90.000000,top
"D157","RED","LED_0603_1608Metric",207.000000,-100.000000,90.000000,top
"D158","RED","LED_0603_1608Metric",210.000000,-100.000000,90.000000,top
"D159","RED","LED_0603_1608Metric",213.000000,-100.000000,90.000000,top
"D160","RED","LED_0603_1608Metric",216.000000,-100.000000,90.000000,top
"D161","RED","LED_0603_1608Metric",219.000000,-100.000000,90.000000,top
"D162","RED","LED_0603_1608Metric",198.000000,-103.000000,90.000000,top
"D163","RED","LED_0603_1608Metric",201.000000,-103.000000,90.000000,top
"D164","RED","LED_0603_1608Metric",204.000000,-103.000000,90.000000,top
"D165","RED","LED_0603_1608Metric",207.000000,-103.000000,90.000000,top
"D166","RED","LED_0603_1608Metric",210.000000,-103.000000,90.000000,top
"D167","RED","LED_0603_1608Metric",213.000000,-103.000000,90.000000,top
"D168","RED","LED_0603_1608Metric",216.000000,-103.000000,90.000000,top
"D169","RED","LED_0603_1608Metric",219.000000,-103.000000,90.000000,top
"D170","RED","LED_0603_1608Metric",198.000000,-112.000000,90.000000,top
"D171","RED","LED_0603_1608Metric",201.000000,-112.000000,90.000000,top
"D172","RED","LED_0603_1608Metric",204.000000,-112.000000,90.000000,top
"D173","RED","LED_0603_1608Metric",207.000000,-112.000000,90.000000,top
"D174","RED","LED_0603_1608Metric",210.000000,-112.000000,90.000000,top
"D175","RED","LED_0603_1608Metric",213.000000,-112.000000,90.000000,top
"D176","RED","LED_0603_1608Metric",216.000000,-112.000000,90.000000,top
"D177","RED","LED_0603_1608Metric",219.000000,-112.000000,90.000000,top
"D178","RED","LED_0603_1608Metric",174.000000,-139.000000,90.000000,top
"D179","RED","LED_0603_1608Metric",177.000000,-139.000000,90.000000,top
"D180","RED","LED_0603_1608Metric",180.000000,-139.000000,90.000000,top
"D181","RED","LED_0603_1608Metric",183.000000,-139.000000,90.000000,top
"D182","RED","LED_0603_1608Metric",186.000000,-139.000000,90.000000,top
"D183","RED","LED_0603_1608Metric",189.000000,-139.000000,90.000000,top
"D184","RED","LED_0603_1608Metric",192.000000,-139.000000,90.000000,top
"D185","RED","LED_0603_1608Metric",195.000000,-139.000000,90.000000,top
"D186","RED","LED_0603_1608Metric",174.000000,-145.000000,90.000000,top
"D187","RED","LED_0603_1608Metric",177.000000,-145.000000,90.000000,top
"D188","RED","LED_0603_1608Metric",180.000000,-145.000000,90.000000,top
"D189","RED","LED_0603_1608Metric",183.000000,-145.000000,90.000000,top
"D190","RED","LED_0603_1608Metric",186.000000,-145.000000,90.000000,top
"D191","RED","LED_0603_1608Metric",189.000000,-145.000000,90.000000,top
"D192","RED","LED_0603_1608Metric",192.000000,-145.000000,90.000000,top
"D193","RED","LED_0603_1608Metric",195.000000,-145.000000,90.000000,top
"D194","RED","LED_0603_1608Metric",174.000000,-142.000000,90.000000,top
"D195","RED","LED_0603_1608Metric",177.000000,-142.000000,90.000000,top
"D196","RED","LED_0603_1608Metric",180.000000,-142.000000,90.000000,top
"D197","RED","LED_0603_1608Metric",183.000000,-142.000000,90.000000,top
"D198","RED","LED_0603_1608Metric",186.000000,-142.000000,90.000000,top
"D199","RED","LED_0603_1608Metric",189.000000,-142.000000,90.000000,top
"D200","RED","LED_0603_1608Metric",192.000000,-142.000000,90.000000,top
"D201","RED","LED_0603_1608Metric",195.000000,-142.000000,90.000000,top
"D202","RED","LED_0603_1608Metric",174.000000,-124.000000,90.000000,top
"D203","RED","LED_0603_1608Metric",177.000000,-124.000000,90.000000,top
"D204","RED","LED_0603_1608Metric",180.000000,-124.000000,90.000000,top
"D205","RED","LED_0603_1608Metric",183.000000,-124.000000,90.000000,top
"D206","RED","LED_0603_1608Metric",186.000000,-124.000000,90.000000,top
"D207","RED","LED_0603_1608Metric",189.000000,-124.000000,90.000000,top
"D208","RED","LED_0603_1608Metric",192.000000,-124.000000,90.000000,top
"D209","RED","LED_0603_1608Metric",195.000000,-124.000000,90.000000,top
"D210","RED","LED_0603_1608Metric",174.000000,-127.000000,90.000000,top
"D211","RED","LED_0603_1608Metric",177.000000,-127.000000,90.000000,top
"D212","RED","LED_0603_1608Metric",180.000000,-127.000000,90.000000,top
"D213","RED","LED_0603_1608Metric",183.000000,-127.000000,90.000000,top
"D214","RED","LED_0603_1608Metric",186.000000,-127.000000,90.000000,top
"D215","RED","LED_0603_1608Metric",189.000000,-127.000000,90.000000,top
"D216","RED","LED_0603_1608Metric",192.000000,-127.000000,90.000000,top
"D217","RED","LED_0603_1608Metric",195.000000,-127.000000,90.000000,top
"D218","RED","LED_0603_1608Metric",198.000000,-109.000000,90.000000,top
"D219","RED","LED_0603_1608Metric",201.000000,-109.000000,90.000000,top
"D220","RED","LED_0603_1608Metric",204.000000,-109.000000,90.000000,top
"D221","RED","LED_0603_1608Metric",207.000000,-109.000000,90.000000,top
"D222","RED","LED_0603_1608Metric",210.000000,-109.000000,90.000000,top
"D223","RED","LED_0603_1608Metric",213.000000,-109.000000,90.000000,top
"D224","RED","LED_0603_1608Metric",216.000000,-109.000000,90.000000,top
"D225","RED","LED_0603_1608Metric",219.000000,-109.000000,90.000000,top
"D226","RED","LED_0603_1608Metric",198.000000,-106.000000,90.000000,top
"D227","RED","LED_0603_1608Metric",201.000000,-106.000000,90.000000,top
"D228","RED","LED_0603_1608Metric",204.000000,-106.000000,90.000000,top
"D229","RED","LED_0603_1608Metric",207.000000,-106.000000,90.000000,top
"D230","RED","LED_0603_1608Metric",210.000000,-106.000000,90.000000,top
"D231","RED","LED_0603_1608Metric",213.000000,-106.000000,90.000000,top
"D232","RED","LED_0603_1608Metric",216.000000,-106.000000,90.000000,top
"D233","RED","LED_0603_1608Metric",219.000000,-106.000000,90.000000,top
"D234","RED","LED_0603_1608Metric",174.000000,-136.000000,90.000000,top
"D235","RED","LED_0603_1608Metric",177.000000,-136.000000,90.000000,top
"D236","RED","LED_0603_1608Metric",180.000000,-136.000000,90.000000,top
"D237","RED","LED_0603_1608Metric",183.000000,-136.000000,90.000000,top
"D238","RED","LED_0603_1608Metric",186.000000,-136.000000,90.000000,top
"D239","RED","LED_0603_1608Metric",189.000000,-136.000000,90.000000,top
"D240","RED","LED_0603_1608Metric",192.000000,-136.000000,90.000000,top
"D241","RED","LED_0603_1608Metric",195.000000,-136.000000,90.000000,top
"D242","RED","LED_0603_1608Metric",174.000000,-133.000000,90.000000,top
"D243","RED","LED_0603_1608Metric",177.000000,-133.000000,90.000000,top
"D244","RED","LED_0603_1608Metric",180.000000,-133.000000,90.000000,top
"D245","RED","LED_0603_1608Metric",183.000000,-133.000000,90.000000,top
"D246","RED","LED_0603_1608Metric",186.000000,-133.000000,90.000000,top
"D247","RED","LED_0603_1608Metric",189.000000,-133.000000,90.000000,top
"D248","RED","LED_0603_1608Metric",192.000000,-133.000000,90.000000,top
"D249","RED","LED_0603_1608Metric",195.000000,-133.000000,90.000000,top
"D250","RED","LED_0603_1608Metric",174.000000,-130.000000,90.000000,top
"D251","RED","LED_0603_1608Metric",177.000000,-130.000000,90.000000,top
"D252","RED","LED_0603_1608Metric",180.000000,-130.000000,90.000000,top
"D253","RED","LED_0603_1608Metric",183.000000,-130.000000,90.000000,top
"D254","RED","LED_0603_1608Metric",186.000000,-130.000000,90.000000,top
"D255","RED","LED_0603_1608Metric",189.000000,-130.000000,90.000000,top
"D256","RED","LED_0603_1608Metric",192.000000,-130.000000,90.000000,top
"D257","RED","LED_0603_1608Metric",195.000000,-130.000000,90.000000,top
"D258","RED","LED_0603_1608Metric",150.000000,-139.000000,90.000000,top
"D259","RED","LED_0603_1608Metric",153.000000,-139.000000,90.000000,top
"D260","RED","LED_0603_1608Metric",156.000000,-139.000000,90.000000,top
"D261","RED","LED_0603_1608Metric",159.000000,-139.000000,90.000000,top
"D262","RED","LED_0603_1608Metric",162.000000,-139.000000,90.000000,top
"D263","RED","LED_0603_1608Metric",165.000000,-139.000000,90.000000,top
"D264","RED","LED_0603_1608Metric",168.000000,-139.000000,90.000000,top
"D265","RED","LED_0603_1608Metric",171.000000,-139.000000,90.000000,top
"D266","RED","LED_0603_1608Metric",150.000000,-145.000000,90.000000,top
"D267","RED","LED_0603_1608Metric",153.000000,-145.000000,90.000000,top
"D268","RED","LED_0603_1608Metric",156.000000,-145.000000,90.000000,top
"D269","RED","LED_0603_1608Metric",159.000000,-145.000000,90.000000,top
"D270","RED","LED_0603_1608Metric",162.000000,-145.000000,90.000000,top
"D271","RED","LED_0603_1608Metric",165.000000,-145.000000,90.000000,top
"D272","RED","LED_0603_1608Metric",168.000000,-145.000000,90.000000,top
"D273","RED","LED_0603_1608Metric",171.000000,-145.000000,90.000000,top
"D274","RED","LED_0603_1608Metric",222.000000,-115.000000,90.000000,top
"D275","RED","LED_0603_1608Metric",225.000000,-115.000000,90.000000,top
"D276","RED","LED_0603_1608Metric",228.000000,-115.000000,90.000000,top
"D277","RED","LED_0603_1608Metric",231.000000,-115.000000,90.000000,top
"D278","RED","LED_0603_1608Metric",234.000000,-115.000000,90.000000,top
"D279","RED","LED_0603_1608Metric",237.000000,-115.000000,90.000000,top
"D280","RED","LED_0603_1608Metric",240.000000,-115.000000,90.000000,top
"D281","RED","LED_0603_1608Metric",243.000000,-115.000000,90.000000,top
"D282","RED","LED_0603_1608Metric",222.000000,-121.000000,90.000000,top
"D283","RED","LED_0603_1608Metric",225.000000,-121.000000,90.000000,top
"D284","RED","LED_0603_1608Metric",228.000000,-121.000000,90.000000,top
"D285","RED","LED_0603_1608Metric",231.000000,-121.000000,90.000000,top
"D286","RED","LED_0603_1608Metric",234.000000,-121.000000,90.000000,top
"D287","RED","LED_0603_1608Metric",237.000000,-121.000000,90.000000,top
"D288","RED","LED_0603_1608Metric",240.000000,-121.000000,90.000000,top
"D289","RED","LED_0603_1608Metric",243.000000,-121.000000,90.000000,top
"D290","RED","LED_0603_1608Metric",150.000000,-142.000000,90.000000,top
"D291","RED","LED_0603_1608Metric",153.000000,-142.000000,90.000000,top
"D292","RED","LED_0603_1608Metric",156.000000,-142.000000,90.000000,top
"D293","RED","LED_0603_1608Metric",159.000000,-142.000000,90.000000,top
"D294","RED","LED_0603_1608Metric",162.000000,-142.000000,90.000000,top
"D295","RED","LED_0603_1608Metric",165.000000,-142.000000,90.000000,top
"D296","RED","LED_0603_1608Metric",168.000000,-142.000000,90.000000,top
"D297","RED","LED_0603_1608Metric",171.000000,-142.000000,90.000000,top
"D298","RED","LED_0603_1608Metric",150.000000,-124.000000,90.000000,top
"D299","RED","LED_0603_1608Metric",153.000000,-124.000000,90.000000,top
"D300","RED","LED_0603_1608Metric",156.000000,-124.000000,90.000000,top
"D301","RED","LED_0603_1608Metric",159.000000,-124.000000,90.000000,top
"D302","RED","LED_0603_1608Metric",162.000000,-124.000000,90.000000,top
"D303","RED","LED_0603_1608Metric",165.000000,-124.000000,90.000000,top
"D304","RED","LED_0603_1608Metric",168.000000,-124.000000,90.000000,top
"D305","RED","LED_0603_1608Metric",171.000000,-124.000000,90.000000,top
"D306","RED","LED_0603_1608Metric",150.000000,-127.000000,90.000000,top
"D307","RED","LED_0603_1608Metric",153.000000,-127.000000,90.000000,top
"D308","RED","LED_0603_1608Metric",156.000000,-127.000000,90.000000,top
"D309","RED","LED_0603_1608Metric",159.000000,-127.000000,90.000000,top
"D310","RED","LED_0603_1608Metric",162.000000,-127.000000,90.000000,top
"D311","RED","LED_0603_1608Metric",165.000000,-127.000000,90.000000,top
"D312","RED","LED_0603_1608Metric",168.000000,-127.000000,90.000000,top
"D313","RED","LED_0603_1608Metric",171.000000,-127.000000,90.000000,top
"D314","RED","LED_0603_1608Metric",150.000000,-136.000000,90.000000,top
"D315","RED","LED_0603_1608Metric",153.000000,-136.000000,90.000000,top
"D316","RED","LED_0603_1608Metric",156.000000,-136.000000,90.000000,top
"D317","RED","LED_0603_1608Metric",159.000000,-136.000000,90.000000,top
"D318","RED","LED_0603_1608Metric",162.000000,-136.000000,90.000000,top
"D319","RED","LED_0603_1608Metric",165.000000,-136.000000,90.000000,top
"D320","RED","LED_0603_1608Metric",168.000000,-136.000000,90.000000,top
"D321","RED","LED_0603_1608Metric",171.000000,-136.000000,90.000000,top
"D322","RED","LED_0603_1608Metric",150.000000,-133.000000,90.000000,top
"D323","RED","LED_0603_1608Metric",153.000000,-133.000000,90.000000,top
"D324","RED","LED_0603_1608Metric",156.000000,-133.000000,90.000000,top
"D325","RED","LED_0603_1608Metric",159.000000,-133.000000,90.000000,top
"D326","RED","LED_0603_1608Metric",162.000000,-133.000000,90.000000,top
"D327","RED","LED_0603_1608Metric",165.000000,-133.000000,90.000000,top
"D328","RED","LED_0603_1608Metric",168.000000,-133.000000,90.000000,top
"D329","RED","LED_0603_1608Metric",171.000000,-133.000000,90.000000,top
"D330","RED","LED_0603_1608Metric",150.000000,-130.000000,90.000000,top
"D331","RED","LED_0603_1608Metric",153.000000,-130.000000,90.000000,top
"D332","RED","LED_0603_1608Metric",156.000000,-130.000000,90.000000,top
"D333","RED","LED_0603_1608Metric",159.000000,-130.000000,90.000000,top
"D334","RED","LED_0603_1608Metric",162.000000,-130.000000,90.000000,top
"D335","RED","LED_0603_1608Metric",165.000000,-130.000000,90.000000,top
"D336","RED","LED_0603_1608Metric",168.000000,-130.000000,90.000000,top
"D337","RED","LED_0603_1608Metric",171.000000,-130.000000,90.000000,top
"D338","RED","LED_0603_1608Metric",222.000000,-118.000000,90.000000,top
"D339","RED","LED_0603_1608Metric",225.000000,-118.000000,90.000000,top
"D340","RED","LED_0603_1608Metric",228.000000,-118.000000,90.000000,top
"D341","RED","LED_0603_1608Metric",231.000000,-118.000000,90.000000,top
"D342","RED","LED_0603_1608Metric",234.000000,-118.000000,90.000000,top
"D343","RED","LED_0603_1608Metric",237.000000,-118.000000,90.000000,top
"D344","RED","LED_0603_1608Metric",240.000000,-118.000000,90.000000,top
"D345","RED","LED_0603_1608Metric",243.000000,-118.000000,90.000000,top
"D346","RED","LED_0603_1608Metric",222.000000,-100.000000,90.000000,top
"D347","RED","LED_0603_1608Metric",225.000000,-100.000000,90.000000,top
"D348","RED","LED_0603_1608Metric",228.000000,-100.000000,90.000000,top
"D349","RED","LED_0603_1608Metric",231.000000,-100.000000,90.000000,top
"D350","RED","LED_0603_1608Metric",234.000000,-100.000000,90.000000,top
"D351","RED","LED_0603_1608Metric",237.000000,-100.000000,90.000000,top
"D352","RED","LED_0603_1608Metric",240.000000,-100.000000,90.000000,top
"D353","RED","LED_0603_1608Metric",243.000000,-100.000000,90.000000,top
"D354","RED","LED_0603_1608Metric",198.000000,-139.000000,90.000000,top
"D355","RED","LED_0603_1608Metric",201.000000,-139.000000,90.000000,top
"D356","RED","LED_0603_1608Metric",204.000000,-139.000000,90.000000,top
"D357","RED","LED_0603_1608Metric",207.000000,-139.000000,90.000000,top
"D358","RED","LED_0603_1608Metric",210.000000,-139.000000,90.000000,top
"D359","RED","LED_0603_1608Metric",213.000000,-139.000000,90.000000,top
"D360","RED","LED_0603_1608Metric",216.000000,-139.000000,90.000000,top
"D361","RED","LED_0603_1608Metric",219.000000,-139.000000,90.000000,top
"D362","RED","LED_0603_1608Metric",198.000000,-145.000000,90.000000,top
"D363","RED","LED_0603_1608Metric",201.000000,-145.000000,90.000000,top
"D364","RED","LED_0603_1608Metric",204.000000,-145.000000,90.000000,top
"D365","RED","LED_0603_1608Metric",207.000000,-145.000000,90.000000,top
"D366","RED","LED_0603_1608Metric",210.000000,-145.000000,90.000000,top
"D367","RED","LED_0603_1608Metric",213.000000,-145.000000,90.000000,top
"D368","RED","LED_0603_1608Metric",216.000000,-145.000000,90.000000,top
"D369","RED","LED_0603_1608Metric",219.000000,-145.000000,90.000000,top
"D370","RED","LED_0603_1608Metric",198.000000,-142.000000,90.000000,top
"D371","RED","LED_0603_1608Metric",201.000000,-142.000000,90.000000,top
"D372","RED","LED_0603_1608Metric",204.000000,-142.000000,90.000000,top
"D373","RED","LED_0603_1608Metric",207.000000,-142.000000,90.000000,top
"D374","RED","LED_0603_1608Metric",210.000000,-142.000000,90.000000,top
"D375","RED","LED_0603_1608Metric",213.000000,-142.000000,90.000000,top
"D376","RED","LED_0603_1608Metric",216.000000,-142.000000,90.000000,top
"D377","RED","LED_0603_1608Metric",219.000000,-142.000000,90.000000,top
"D378","RED","LED_0603_1608Metric",198.000000,-124.000000,90.000000,top
"D379","RED","LED_0603_1608Metric",201.000000,-124.000000,90.000000,top
"D380","RED","LED_0603_1608Metric",204.000000,-124.000000,90.000000,top
"D381","RED","LED_0603_1608Metric",207.000000,-124.000000,90.000000,top
"D382","RED","LED_0603_1608Metric",210.000000,-124.000000,90.000000,top
"D383","RED","LED_0603_1608Metric",213.000000,-124.000000,90.000000,top
"D384","RED","LED_0603_1608Metric",216.000000,-124.000000,90.000000,top
"D385","RED","LED_0603_1608Metric",219.000000,-124.000000,90.000000,top
"D386","RED","LED_0603_1608Metric",198.000000,-127.000000,90.000000,top
"D387","RED","LED_0603_1608Metric",201.000000,-127.000000,90.000000,top
"D388","RED","LED_0603_1608Metric",204.000000,-127.000000,90.000000,top
"D389","RED","LED_0603_1608Metric",207.000000,-127.000000,90.000000,top
"D390","RED","LED_0603_1608Metric",210.000000,-127.000000,90.000000,top
"D391","RED","LED_0603_1608Metric",213.000000,-127.000000,90.000000,top
"D392","RED","LED_0603_1608Metric",216.000000,-127.000000,90.000000,top
"D393","RED","LED_0603_1608Metric",219.000000,-127.000000,90.000000,top
"D394","RED","LED_0603_1608Metric",222.000000,-103.000000,90.000000,top
"D395","RED","LED_0603_1608Metric",225.000000,-103.000000,90.000000,top
"D396","RED","LED_0603_1608Metric",228.000000,-103.000000,90.000000,top
"D397","RED","LED_0603_1608Metric",231.000000,-103.000000,90.000000,top
"D398","RED","LED_0603_1608Metric",234.000000,-103.000000,90.000000,top
"D399","RED","LED_0603_1608Metric",237.000000,-103.000000,90.000000,top
"D400","RED","LED_0603_1608Metric",240.000000,-103.000000,90.000000,top
"D401","RED","LED_0603_1608Metric",243.000000,-103.000000,90.000000,top
"D402","RED","LED_0603_1608Metric",222.000000,-112.000000,90.000000,top
"D403","RED","LED_0603_1608Metric",225.000000,-112.000000,90.000000,top
"D404","RED","LED_0603_1608Metric",228.000000,-112.000000,90.000000,top
"D405","RED","LED_0603_1608Metric",231.000000,-112.000000,90.000000,top
"D406","RED","LED_0603_1608Metric",234.000000,-112.000000,90.000000,top
"D407","RED","LED_0603_1608Metric",237.000000,-112.000000,90.000000,top
"D408","RED","LED_0603_1608Metric",240.000000,-112.000000,90.000000,top
"D409","RED","LED_0603_1608Metric",243.000000,-112.000000,90.000000,top
"D410","RED","LED_0603_1608Metric",198.000000,-136.000000,90.000000,top
"D411","RED","LED_0603_1608Metric",201.000000,-136.000000,90.000000,top
"D412","RED","LED_0603_1608Metric",204.000000,-136.000000,90.000000,top
"D413","RED","LED_0603_1608Metric",207.000000,-136.000000,90.000000,top
"D414","RED","LED_0603_1608Metric",210.000000,-136.000000,90.000000,top
"D415","RED","LED_0603_1608Metric",213.000000,-136.000000,90.000000,top
"D416","RED","LED_0603_1608Metric",216.000000,-136.000000,90.000000,top
"D417","RED","LED_0603_1608Metric",219.000000,-136.000000,90.000000,top
"D418","RED","LED_0603_1608Metric",198.000000,-133.000000,90.000000,top
"D419","RED","LED_0603_1608Metric",201.000000,-133.000000,90.000000,top
"D420","RED","LED_0603_1608Metric",204.000000,-133.000000,90.000000,top
"D421","RED","LED_0603_1608Metric",207.000000,-133.000000,90.000000,top
"D422","RED","LED_0603_1608Metric",210.000000,-133.000000,90.000000,top
"D423","RED","LED_0603_1608Metric",213.000000,-133.000000,90.000000,top
"D424","RED","LED_0603_1608Metric",216.000000,-133.000000,90.000000,top
"D425","RED","LED_0603_1608Metric",219.000000,-133.000000,90.000000,top
"D426","RED","LED_0603_1608Metric",198.000000,-130.000000,90.000000,top
"D427","RED","LED_0603_1608Metric",201.000000,-130.000000,90.000000,top
"D428","RED","LED_0603_1608Metric",204.000000,-130.000000,90.000000,top
"D429","RED","LED_0603_1608Metric",207.000000,-130.000000,90.000000,top
"D430","RED","LED_0603_1608Metric",210.000000,-130.000000,90.000000,top
"D431","RED","LED_0603_1608Metric",213.000000,-130.000000,90.000000,top
"D432","RED","LED_0603_1608Metric",216.000000,-130.000000,90.000000,top
"D433","RED","LED_0603_1608Metric",219.000000,-130.000000,90.000000,top
"D434","RED","LED_0603_1608Metric",222.000000,-139.000000,90.000000,top
"D435","RED","LED_0603_1608Metric",225.000000,-139.000000,90.000000,top
"D436","RED","LED_0603_1608Metric",228.000000,-139.000000,90.000000,top
"D437","RED","LED_0603_1608Metric",231.000000,-139.000000,90.000000,top
"D438","RED","LED_0603_1608Metric",234.000000,-139.000000,90.000000,top
"D439","RED","LED_0603_1608Metric",237.000000,-139.000000,90.000000,top
"D440","RED","LED_0603_1608Metric",240.000000,-139.000000,90.000000,top
"D441","RED","LED_0603_1608Metric",243.000000,-139.000000,90.000000,top
"D442","RED","LED_0603_1608Metric",222.000000,-145.000000,90.000000,top
"D443","RED","LED_0603_1608Metric",225.000000,-145.000000,90.000000,top
"D444","RED","LED_0603_1608Metric",228.000000,-145.000000,90.000000,top
"D445","RED","LED_0603_1608Metric",231.000000,-145.000000,90.000000,top
"D446","RED","LED_0603_1608Metric",234.000000,-145.000000,90.000000,top
"D447","RED","LED_0603_1608Metric",237.000000,-145.000000,90.000000,top
"D448","RED","LED_0603_1608Metric",240.000000,-145.000000,90.000000,top
"D449","RED","LED_0603_1608Metric",243.000000,-145.000000,90.000000,top
"D450","RED","LED_0603_1608Metric",222.000000,-109.000000,90.000000,top
"D451","RED","LED_0603_1608Metric",225.000000,-109.000000,90.000000,top
"D452","RED","LED_0603_1608Metric",228.000000,-109.000000,90.000000,top
"D453","RED","LED_0603_1608Metric",231.000000,-109.000000,90.000000,top
"D454","RED","LED_0603_1608Metric",234.000000,-109.000000,90.000000,top
"D455","RED","LED_0603_1608Metric",237.000000,-109.000000,90.000000,top
"D456","RED","LED_0603_1608Metric",240.000000,-109.000000,90.000000,top
"D457","RED","LED_0603_1608Metric",243.000000,-109.000000,90.000000,top
"D458","RED","LED_0603_1608Metric",222.000000,-106.000000,90.000000,top
"D459","RED","LED_0603_1608Metric",225.000000,-106.000000,90.000000,top
"D460","RED","LED_0603_1608Metric",228.000000,-106.000000,90.000000,top
"D461","RED","LED_0603_1608Metric",231.000000,-106.000000,90.000000,top
"D462","RED","LED_0603_1608Metric",234.000000,-106.000000,90.000000,top
"D463","RED","LED_0603_1608Metric",237.000000,-106.000000,90.000000,top
"D464","RED","LED_0603_1608Metric",240.000000,-106.000000,90.000000,top
"D465","RED","LED_0603_1608Metric",243.000000,-106.000000,90.000000,top
"D466","RED","LED_0603_1608Metric",222.000000,-142.000000,90.000000,top
"D467","RED","LED_0603_1608Metric",225.000000,-142.000000,90.000000,top
"D468","RED","LED_0603_1608Metric",228.000000,-142.000000,90.000000,top
"D469","RED","LED_0603_1608Metric",231.000000,-142.000000,90.000000,top
"D470","RED","LED_0603_1608Metric",234.000000,-142.000000,90.000000,top
"D471","RED","LED_0603_1608Metric",237.000000,-142.000000,90.000000,top
"D472","RED","LED_0603_1608Metric",240.000000,-142.000000,90.000000,top
"D473","RED","LED_0603_1608Metric",243.000000,-142.000000,90.000000,top
"D474","RED","LED_0603_1608Metric",222.000000,-124.000000,90.000000,top
"D475","RED","LED_0603_1608Metric",225.000000,-124.000000,90.000000,top
"D476","RED","LED_0603_1608Metric",228.000000,-124.000000,90.000000,top
"D477","RED","LED_0603_1608Metric",231.000000,-124.000000,90.000000,top
"D478","RED","LED_0603_1608Metric",234.000000,-124.000000,90.000000,top
"D479","RED","LED_0603_1608Metric",237.000000,-124.000000,90.000000,top
"D480","RED","LED_0603_1608Metric",240.000000,-124.000000,90.000000,top
"D481","RED","LED_0603_1608Metric",243.000000,-124.000000,90.000000,top
"D482","RED","LED_0603_1608Metric",222.000000,-127.000000,90.000000,top
"D483","RED","LED_0603_1608Metric",225.000000,-127.000000,90.000000,top
"D484","RED","LED_0603_1608Metric",228.000000,-127.000000,90.000000,top
"D485","RED","LED_0603_1608Metric",231.000000,-127.000000,90.000000,top
"D486","RED","LED_0603_1608Metric",234.000000,-127.000000,90.000000,top
"D487","RED","LED_0603_1608Metric",237.000000,-127.000000,90.000000,top
"D488","RED","LED_0603_1608Metric",240.000000,-127.000000,90.000000,top
"D489","RED","LED_0603_1608Metric",243.000000,-127.000000,90.000000,top
"D490","RED","LED_0603_1608Metric",222.000000,-136.000000,90.000000,top
"D491","RED","LED_0603_1608Metric",225.000000,-136.000000,90.000000,top
"D492","RED","LED_0603_1608Metric",228.000000,-136.000000,90.000000,top
"D493","RED","LED_0603_1608Metric",231.000000,-136.000000,90.000000,top
"D494","RED","LED_0603_1608Metric",234.000000,-136.000000,90.000000,top
"D495","RED","LED_0603_1608Metric",237.000000,-136.000000,90.000000,top
"D496","RED","LED_0603_1608Metric",240.000000,-136.000000,90.000000,top
"D497","RED","LED_0603_1608Metric",243.000000,-136.000000,90.000000,top
"D498","RED","LED_0603_1608Metric",222.000000,-133.000000,90.000000,top
"D499","RED","LED_0603_1608Metric",225.000000,-133.000000,90.000000,top
"D500","RED","LED_0603_1608Metric",228.000000,-133.000000,90.000000,top
"D501","RED","LED_0603_1608Metric",231.000000,-133.000000,90.000000,top
"D502","RED","LED_0603_1608Metric",234.000000,-133.000000,90.000000,top
"D503","RED","LED_0603_1608Metric",237.000000,-133.000000,90.000000,top
"D504","RED","LED_0603_1608Metric",240.000000,-133.000000,90.000000,top
"D505","RED","LED_0603_1608Metric",243.000000,-133.000000,90.000000,top
"D506","RED","LED_0603_1608Metric",222.000000,-130.000000,90.000000,top
"D507","RED","LED_0603_1608Metric",225.000000,-130.000000,90.000000,top
"D508","RED","LED_0603_1608Metric",228.000000,-130.000000,90.000000,top
"D509","RED","LED_0603_1608Metric",231.000000,-130.000000,90.000000,top
"D510","RED","LED_0603_1608Metric",234.000000,-130.000000,90.000000,top
"D511","RED","LED_0603_1608Metric",237.000000,-130.000000,90.000000,top
"D512","RED","LED_0603_1608Metric",240.000000,-130.000000,90.000000,top
"D513","RED","LED_0603_1608Metric",243.000000,-130.000000,90.000000,top
"D514","RED","LED_0603_1608Metric",174.000000,-163.000000,90.000000,top
"D515","RED","LED_0603_1608Metric",177.000000,-163.000000,90.000000,top
"D516","RED","LED_0603_1608Metric",180.000000,-163.000000,90.000000,top
"D517","RED","LED_0603_1608Metric",183.000000,-163.000000,90.000000,top
"D518","RED","LED_0603_1608Metric",186.000000,-163.000000,90.000000,top
"D519","RED","LED_0603_1608Metric",189.000000,-163.000000,90.000000,top
"D520","RED","LED_0603_1608Metric",192.000000,-163.000000,90.000000,top
"D521","RED","LED_0603_1608Metric",195.000000,-163.000000,90.000000,top
"D522","RED","LED_0603_1608Metric",174.000000,-169.000000,90.000000,top
"D523","RED","LED_0603_1608Metric",177.000000,-169.000000,90.000000,top
"D524","RED","LED_0603_1608Metric",180.000000,-169.000000,90.000000,top
"D525","RED","LED_0603_1608Metric",183.000000,-169.000000,90.000000,top
"D526","RED","LED_0603_1608Metric",186.000000,-169.000000,90.000000,top
"D527","RED","LED_0603_1608Metric",189.000000,-169.000000,90.000000,top
"D528","RED","LED_0603_1608Metric",192.000000,-169.000000,90.000000,top
"D529","RED","LED_0603_1608Metric",195.000000,-169.000000,90.000000,top
"D530","RED","LED_0603_1608Metric",174.000000,-166.000000,90.000000,top
"D531","RED","LED_0603_1608Metric",177.000000,-166.000000,90.000000,top
"D532","RED","LED_0603_1608Metric",180.000000,-166.000000,90.000000,top
"D533","RED","LED_0603_1608Metric",183.000000,-166.000000,90.000000,top
"D534","RED","LED_0603_1608Metric",186.000000,-166.000000,90.000000,top
"D535","RED","LED_0603_1608Metric",189.000000,-166.000000,90.000000,top
"D536","RED","LED_0603_1608Metric",192.000000,-166.000000,90.000000,top
"D537","RED","LED_0603_1608Metric",195.000000,-166.000000,90.000000,top
"D538","RED","LED_0603_1608Metric",174.000000,-148.000000,90.000000,top
"D539","RED","LED_0603_1608Metric",177.000000,-148.000000,90.000000,top
"D540","RED","LED_0603_1608Metric",180.000000,-148.000000,90.000000,top
"D541","RED","LED_0603_1608Metric",183.000000,-148.000000,90.000000,top
"D542","RED","LED_0603_1608Metric",186.000000,-148.000000,90.000000,top
"D543","RED","LED_0603_1608Metric",189.000000,-148.000000,90.000000,top
"D544","RED","LED_0603_1608Metric",192.000000,-148.000000,90.000000,top
"D545","RED","LED_0603_1608Metric",195.000000,-148.000000,90.000000,top
"D546","RED","LED_0603_1608Metric",174.000000,-151.000000,90.000000,top
"D547","RED","LED_0603_1608Metric",177.000000,-151.000000,90.000000,top
"D548","RED","LED_0603_1608Metric",180.000000,-151.000000,90.000000,top
"D549","RED","LED_0603_1608Metric",183.000000,-151.000000,90.000000,top
"D550","RED","LED_0603_1608Metric",186.000000,-151.000000,90.000000,top
"D551","RED","LED_0603_1608Metric",189.000000,-151.000000,90.000000,top
"D552","RED","LED_0603_1608Metric",192.000000,-151.000000,90.000000,top
"D553","RED","LED_0603_1608Metric",195.000000,-151.000000,90.000000,top
"D554","RED","LED_0603_1608Metric",174.000000,-160.000000,90.000000,top
"D555","RED","LED_0603_1608Metric",177.000000,-160.000000,90.000000,top
"D556","RED","LED_0603_1608Metric",180.000000,-160.000000,90.000000,top
"D557","RED","LED_0603_1608Metric",183.000000,-160.000000,90.000000,top
"D558","RED","LED_0603_1608Metric",186.000000,-160.000000,90.000000,top
"D559","RED","LED_0603_1608Metric",189.000000,-160.000000,90.000000,top
"D560","RED","LED_0603_1608Metric",192.000000,-160.000000,90.000000,top
"D561","RED","LED_0603_1608Metric",195.000000,-160.000000,90.000000,top
"D562","RED","LED_0603_1608Metric",174.000000,-157.000000,90.000000,top
"D563","RED","LED_0603_1608Metric",177.000000,-157.000000,90.000000,top
"D564","RED","LED_0603_1608Metric",180.000000,-157.000000,90.000000,top
"D565","RED","LED_0603_1608Metric",183.000000,-157.000000,90.000000,top
"D566","RED","LED_0603_1608Metric",186.000000,-157.000000,90.000000,top
"D567","RED","LED_0603_1608Metric",189.000000,-157.000000,90.000000,top
"D568","RED","LED_0603_1608Metric",192.000000,-157.000000,90.000000,top
"D569","RED","LED_0603_1608Metric",195.000000,-157.000000,90.000000,top
"D570","RED","LED_0603_1608Metric",174.000000,-154.000000,90.000000,top
"D571","RED","LED_0603_1608Metric",177.000000,-154.000000,90.000000,top
"D572","RED","LED_0603_1608Metric",180.000000,-154.000000,90.000000,top
"D573","RED","LED_0603_1608Metric",183.000000,-154.000000,90.000000,top
"D574","RED","LED_0603_1608Metric",186.000000,-154.000000,90.000000,top
"D575","RED","LED_0603_1608Metric",189.000000,-154.000000,90.000000,top
"D576","RED","LED_0603_1608Metric",192.000000,-154.000000,90.000000,top
"D577","RED","LED_0603_1608Metric",195.000000,-154.000000,90.000000,top
"D578","RED","LED_0603_1608Metric",150.000000,-163.000000,90.000000,top
"D579","RED","LED_0603_1608Metric",153.000000,-163.000000,90.000000,top
"D580","RED","LED_0603_1608Metric",156.000000,-163.000000,90.000000,top
"D581","RED","LED_0603_1608Metric",159.000000,-163.000000,90.000000,top
"D582","RED","LED_0603_1608Metric",162.000000,-163.000000,90.000000,top
"D583","RED","LED_0603_1608Metric",165.000000,-163.000000,90.000000,top
"D584","RED","LED_0603_1608Metric",168.000000,-163.000000,90.000000,top
"D585","RED","LED_0603_1608Metric",171.000000,-163.000000,90.000000,top
"D586","RED","LED_0603_1608Metric",150.000000,-169.000000,90.000000,top
"D587","RED","LED_0603_1608Metric",153.000000,-169.000000,90.000000,top
"D588","RED","LED_0603_1608Metric",156.000000,-169.000000,90.000000,top
"D589","RED","LED_0603_1608Metric",159.000000,-169.000000,90.000000,top
"D590","RED","LED_0603_1608Metric",162.000000,-169.000000,90.000000,top
"D591","RED","LED_0603_1608Metric",165.000000,-169.000000,90.000000,top
"D592","RED","LED_0603_1608Metric",168.000000,-169.000000,90.000000,top
"D593","RED","LED_0603_1608Metric",171.000000,-169.000000,90.000000,top
"D594","RED","LED_0603_1608Metric",150.000000,-166.000000,90.000000,top
"D595","RED","LED_0603_1608Metric",153.000000,-166.000000,90.000000,top
"D596","RED","LED_0603_1608Metric",156.000000,-166.000000,90.000000,top
"D597","RED","LED_0603_1608Metric",159.000000,-166.000000,90.000000,top
"D598","RED","LED_0603_1608Metric",162.000000,-166.000000,90.000000,top
"D599","RED","LED_0603_1608Metric",165.000000,-166.000000,90.000000,top
"D600","RED","LED_0603_1608Metric",168.000000,-166.000000,90.000000,top
"D601","RED","LED_0603_1608Metric",171.000000,-166.000000,90.000000,top
"D602","RED","LED_0603_1608Metric",150.000000,-148.000000,90.000000,top
"D603","RED","LED_0603_1608Metric",153.000000,-148.000000,90.000000,top
"D604","RED","LED_0603_1608Metric",156.000000,-148.000000,90.000000,top
"D605","RED","LED_0603_1608Metric",159.000000,-148.000000,90.000000,top
"D606","RED","LED_0603_1608Metric",162.000000,-148.000000,90.000000,top
"D607","RED","LED_0603_1608Metric",165.000000,-148.000000,90.000000,top
"D608","RED","LED_0603_1608Metric",168.000000,-148.000000,90.000000,top
"D609","RED","LED_0603_1608Metric",171.000000,-148.000000,90.000000,top
"D610","RED","LED_0603_1608Metric",150.000000,-151.000000,90.000000,top
"D611","RED","LED_0603_1608Metric",153.000000,-151.000000,90.000000,top
"D612","RED","LED_0603_1608Metric",156.000000,-151.000000,90.000000,top
"D613","RED","LED_0603_1608Metric",159.000000,-151.000000,90.000000,top
"D614","RED","LED_0603_1608Metric",162.000000,-151.000000,90.000000,top
"D615","RED","LED_0603_1608Metric",165.000000,-151.000000,90.000000,top
"D616","RED","LED_0603_1608Metric",168.000000,-151.000000,90.000000,top
"D617","RED","LED_0603_1608Metric",171.000000,-151.000000,90.000000,top
"D618","RED","LED_0603_1608Metric",150.000000,-160.000000,90.000000,top
"D619","RED","LED_0603_1608Metric",153.000000,-160.000000,90.000000,top
"D620","RED","LED_0603_1608Metric",156.000000,-160.000000,90.000000,top
"D621","RED","LED_0603_1608Metric",159.000000,-160.000000,90.000000,top
"D622","RED","LED_0603_1608Metric",162.000000,-160.000000,90.000000,top
"D623","RED","LED_0603_1608Metric",165.000000,-160.000000,90.000000,top
"D624","RED","LED_0603_1608Metric",168.000000,-160.000000,90.000000,top
"D625","RED","LED_0603_1608Metric",171.000000,-160.000000,90.000000,top
"D626","RED","LED_0603_1608Metric",150.000000,-157.000000,90.000000,top
"D627","RED","LED_0603_1608Metric",153.000000,-157.000000,90.000000,top
"D628","RED","LED_0603_1608Metric",156.000000,-157.000000,90.000000,top
"D629","RED","LED_0603_1608Metric",159.000000,-157.000000,90.000000,top
"D630","RED","LED_0603_1608Metric",162.000000,-157.000000,90.000000,top
"D631","RED","LED_0603_1608Metric",165.000000,-157.000000,90.000000,top
"D632","RED","LED_0603_1608Metric",168.000000,-157.000000,90.000000,top
"D633","RED","LED_0603_1608Metric",171.000000,-157.000000,90.000000,top
"D634","RED","LED_0603_1608Metric",150.000000,-154.000000,90.000000,top
"D635","RED","LED_0603_1608Metric",153.000000,-154.000000,90.000000,top
"D636","RED","LED_0603_1608Metric",156.000000,-154.000000,90.000000,top
"D637","RED","LED_0603_1608Metric",159.000000,-154.000000,90.000000,top
"D638","RED","LED_0603_1608Metric",162.000000,-154.000000,90.000000,top
"D639","RED","LED_0603_1608Metric",165.000000,-154.000000,90.000000,top
"D640","RED","LED_0603_1608Metric",168.000000,-154.000000,90.000000,top
"D641","RED","LED_0603_1608Metric",171.000000,-154.000000,90.000000,top
"D642","RED","LED_0603_1608Metric",198.000000,-163.000000,90.000000,top
"D643","RED","LED_0603_1608Metric",201.000000,-163.000000,90.000000,top
"D644","RED","LED_0603_1608Metric",204.000000,-163.000000,90.000000,top
"D645","RED","LED_0603_1608Metric",207.000000,-163.000000,90.000000,top
"D646","RED","LED_0603_1608Metric",210.000000,-163.000000,90.000000,top
"D647","RED","LED_0603_1608Metric",213.000000,-163.000000,90.000000,top
"D648","RED","LED_0603_1608Metric",216.000000,-163.000000,90.000000,top
"D649","RED","LED_0603_1608Metric",219.000000,-163.000000,90.000000,top
"D650","RED","LED_0603_1608Metric",198.000000,-169.000000,90.000000,top
"D651","RED","LED_0603_1608Metric",201.000000,-169.000000,90.000000,top
"D652","RED","LED_0603_1608Metric",204.000000,-169.000000,90.000000,top
"D653","RED","LED_0603_1608Metric",207.000000,-169.000000,90.000000,top
"D654","RED","LED_0603_1608Metric",210.000000,-169.000000,90.000000,top
"D655","RED","LED_0603_1608Metric",213.000000,-169.000000,90.000000,top
"D656","RED","LED_0603_1608Metric",216.000000,-169.000000,90.000000,top
"D657","RED","LED_0603_1608Metric",219.000000,-169.000000,90.000000,top
"D658","RED","LED_0603_1608Metric",198.000000,-166.000000,90.000000,top
"D659","RED","LED_0603_1608Metric",201.000000,-166.000000,90.000000,top
"D660","RED","LED_0603_1608Metric",204.000000,-166.000000,90.000000,top
"D661","RED","LED_0603_1608Metric",207.000000,-166.000000,90.000000,top
"D662","RED","LED_0603_1608Metric",210.000000,-166.000000,90.000000,top
"D663","RED","LED_0603_1608Metric",213.000000,-166.000000,90.000000,top
"D664","RED","LED_0603_1608Metric",216.000000,-166.000000,90.000000,top
"D665","RED","LED_0603_1608Metric",219.000000,-166.000000,90.000000,top
"D666","RED","LED_0603_1608Metric",198.000000,-148.000000,90.000000,top
"D667","RED","LED_0603_1608Metric",201.000000,-148.000000,90.000000,top
"D668","RED","LED_0603_1608Metric",204.000000,-148.000000,90.000000,top
"D669","RED","LED_0603_1608Metric",207.000000,-148.000000,90.000000,top
"D670","RED","LED_0603_1608Metric",210.000000,-148.000000,90.000000,top
"D671","RED","LED_0603_1608Metric",213.000000,-148.000000,90.000000,top
"D672","RED","LED_0603_1608Metric",216.000000,-148.000000,90.000000,top
"D673","RED","LED_0603_1608Metric",219.000000,-148.000000,90.000000,top
"D674","RED","LED_0603_1608Metric",198.000000,-151.000000,90.000000,top
"D675","RED","LED_0603_1608Metric",201.000000,-151.000000,90.000000,top
"D676","RED","LED_0603_1608Metric",204.000000,-151.000000,90.000000,top
"D677","RED","LED_0603_1608Metric",207.000000,-151.000000,90.000000,top
"D678","RED","LED_0603_1608Metric",210.000000,-151.000000,90.000000,top
"D679","RED","LED_0603_1608Metric",213.000000,-151.000000,90.000000,top
"D680","RED","LED_0603_1608Metric",216.000000,-151.000000,90.000000,top
"D681","RED","LED_0603_1608Metric",219.000000,-151.000000,90.000000,top
"D682","RED","LED_0603_1608Metric",198.000000,-160.000000,90.000000,top
"D683","RED","LED_0603_1608Metric",201.000000,-160.000000,90.000000,top
"D684","RED","LED_0603_1608Metric",204.000000,-160.000000,90.000000,top
"D685","RED","LED_0603_1608Metric",207.000000,-160.000000,90.000000,top
"D686","RED","LED_0603_1608Metric",210.000000,-160.000000,90.000000,top
"D687","RED","LED_0603_1608Metric",213.000000,-160.000000,90.000000,top
"D688","RED","LED_0603_1608Metric",216.000000,-160.000000,90.000000,top
"D689","RED","LED_0603_1608Metric",219.000000,-160.000000,90.000000,top
"D690","RED","LED_0603_1608Metric",198.000000,-157.000000,90.000000,top
"D691","RED","LED_0603_1608Metric",201.000000,-157.000000,90.000000,top
"D692","RED","LED_0603_1608Metric",204.000000,-157.000000,90.000000,top
"D693","RED","LED_0603_1608Metric",207.000000,-157.000000,90.000000,top
"D694","RED","LED_0603_1608Metric",210.000000,-157.000000,90.000000,top
"D695","RED","LED_0603_1608Metric",213.000000,-157.000000,90.000000,top
"D696","RED","LED_0603_1608Metric",216.000000,-157.000000,90.000000,top
"D697","RED","LED_0603_1608Metric",219.000000,-157.000000,90.000000,top
"D698","RED","LED_0603_1608Metric",198.000000,-154.000000,90.000000,top
"D699","RED","LED_0603_1608Metric",201.000000,-154.000000,90.000000,top
"D700","RED","LED_0603_1608Metric",204.000000,-154.000000,90.000000,top
"D701","RED","LED_0603_1608Metric",207.000000,-154.000000,90.000000,top
"D702","RED","LED_0603_1608Metric",210.000000,-154.000000,90.000000,top
"D703","RED","LED_0603_1608Metric",213.000000,-154.000000,90.000000,top
"D704","RED","LED_0603_1608Metric",216.000000,-154.000000,90.000000,top
"D705","RED","LED_0603_1608Metric",219.000000,-154.000000,90.000000,top
"D706","RED","LED_0603_1608Metric",222.000000,-163.000000,90.000000,top
"D707","RED","LED_0603_1608Metric",225.000000,-163.000000,90.000000,top
"D708","RED","LED_0603_1608Metric",228.000000,-163.000000,90.000000,top
"D709","RED","LED_0603_1608Metric",231.000000,-163.000000,90.000000,top
"D710","RED","LED_0603_1608Metric",234.000000,-163.000000,90.000000,top
"D711","RED","LED_0603_1608Metric",237.000000,-163.000000,90.000000,top
"D712","RED","LED_0603_1608Metric",240.000000,-163.000000,90.000000,top
"D713","RED","LED_0603_1608Metric",243.000000,-163.000000,90.000000,top
"D714","RED","LED_0603_1608Metric",222.000000,-169.000000,90.000000,top
"D715","RED","LED_0603_1608Metric",225.000000,-169.000000,90.000000,top
"D716","RED","LED_0603_1608Metric",228.000000,-169.000000,90.000000,top
"D717","RED","LED_0603_1608Metric",231.000000,-169.000000,90.000000,top
"D718","RED","LED_0603_1608Metric",234.000000,-169.000000,90.000000,top
"D719","RED","LED_0603_1608Metric",237.000000,-169.000000,90.000000,top
"D720","RED","LED_0603_1608Metric",240.000000,-169.000000,90.000000,top
"D721","RED","LED_0603_1608Metric",243.000000,-169.000000,90.000000,top
"D722","RED","LED_0603_1608Metric",222.000000,-166.000000,90.000000,top
"D723","RED","LED_0603_1608Metric",225.000000,-166.000000,90.000000,top
"D724","RED","LED_0603_1608Metric",228.000000,-166.000000,90.000000,top
"D725","RED","LED_0603_1608Metric",231.000000,-166.000000,90.000000,top
"D726","RED","LED_0603_1608Metric",234.000000,-166.000000,90.000000,top
"D727","RED","LED_0603_1608Metric",237.000000,-166.000000,90.000000,top
"D728","RED","LED_0603_1608Metric",240.000000,-166.000000,90.000000,top
"D729","RED","LED_0603_1608Metric",243.000000,-166.000000,90.000000,top
"D730","RED","LED_0603_1608Metric",222.000000,-148.000000,90.000000,top
"D731","RED","LED_0603_1608Metric",225.000000,-148.000000,90.000000,top
"D732","RED","LED_0603_1608Metric",228.000000,-148.000000,90.000000,top
"D733","RED","LED_0603_1608Metric",231.000000,-148.000000,90.000000,top
"D734","RED","LED_0603_1608Metric",234.000000,-148.000000,90.000000,top
"D735","RED","LED_0603_1608Metric",237.000000,-148.000000,90.000000,top
"D736","RED","LED_0603_1608Metric",240.000000,-148.000000,90.000000,top
"D737","RED","LED_0603_1608Metric",243.000000,-148.000000,90.000000,top
"D738","RED","LED_0603_1608Metric",222.000000,-151.000000,90.000000,top
"D739","RED","LED_0603_1608Metric",225.000000,-151.000000,90.000000,top
"D740","RED","LED_0603_1608Metric",228.000000,-151.000000,90.000000,top
"D741","RED","LED_0603_1608Metric",231.000000,-151.000000,90.000000,top
"D742","RED","LED_0603_1608Metric",234.000000,-151.000000,90.000000,top
"D743","RED","LED_0603_1608Metric",237.000000,-151.000000,90.000000,top
"D744","RED","LED_0603_1608Metric",240.000000,-151.000000,90.000000,top
"D745","RED","LED_0603_1608Metric",243.000000,-151.000000,90.000000,top
"D746","RED","LED_0603_1608Metric",222.000000,-160.000000,90.000000,top
"D747","RED","LED_0603_1608Metric",225.000000,-160.000000,90.000000,top
"D748","RED","LED_0603_1608Metric",228.000000,-160.000000,90.000000,top
"D749","RED","LED_0603_1608Metric",231.000000,-160.000000,90.000000,top
"D750","RED","LED_0603_1608Metric",234.000000,-160.000000,90.000000,top
"D751","RED","LED_0603_1608Metric",237.000000,-160.000000,90.000000,top
"D752","RED","LED_0603_1608Metric",240.000000,-160.000000,90.000000,top
"D753","RED","LED_0603_1608Metric",243.000000,-160.000000,90.000000,top
"D754","RED","LED_0603_1608Metric",222.000000,-157.000000,90.000000,top
"D755","RED","LED_0603_1608Metric",225.000000,-157.000000,90.000000,top
"D756","RED","LED_0603_1608Metric",228.000000,-157.000000,90.000000,top
"D757","RED","LED_0603_1608Metric",231.000000,-157.000000,90.000000,top
"D758","RED","LED_0603_1608Metric",234.000000,-157.000000,90.000000,top
"D759","RED","LED_0603_1608Metric",237.000000,-157.000000,90.000000,top
"D760","RED","LED_0603_1608Metric",240.000000,-157.000000,90.000000,top
"D761","RED","LED_0603_1608Metric",243.000000,-157.000000,90.000000,top
"D762","RED","LED_0603_1608Metric",222.000000,-154.000000,90.000000,top
"D763","RED","LED_0603_1608Metric",225.000000,-154.000000,90.000000,top
"D764","RED","LED_0603_1608Metric",228.000000,-154.000000,90.000000,top
"D765","RED","LED_0603_1608Metric",231.000000,-154.000000,90.000000,top
"D766","RED","LED_0603_1608Metric",234.000000,-154.000000,90.000000,top
"D767","RED","LED_0603_1608Metric",237.000000,-154.000000,90.000000,top
"D768","RED","LED_0603_1608Metric",240.000000,-154.000000,90.000000,top
"D769","RED","LED_0603_1608Metric",243.000000,-154.000000,90.000000,top
"D770","RED","LED_0603_1608Metric",174.000000,-187.000000,90.000000,top
"D771","RED","LED_0603_1608Metric",177.000000,-187.000000,90.000000,top
"D772","RED","LED_0603_1608Metric",180.000000,-187.000000,90.000000,top
"D773","RED","LED_0603_1608Metric",183.000000,-187.000000,90.000000,top
"D774","RED","LED_0603_1608Metric",186.000000,-187.000000,90.000000,top
"D775","RED","LED_0603_1608Metric",189.000000,-187.000000,90.000000,top
"D776","RED","LED_0603_1608Metric",192.000000,-187.000000,90.000000,top
"D777","RED","LED_0603_1608Metric",195.000000,-187.000000,90.000000,top
"D778","RED","LED_0603_1608Metric",174.000000,-193.000000,90.000000,top
"D779","RED","LED_0603_1608Metric",177.000000,-193.000000,90.000000,top
"D780","RED","LED_0603_1608Metric",180.000000,-193.000000,90.000000,top
"D781","RED","LED_0603_1608Metric",183.000000,-193.000000,90.000000,top
"D782","RED","LED_0603_1608Metric",186.000000,-193.000000,90.000000,top
"D783","RED","LED_0603_1608Metric",189.000000,-193.000000,90.000000,top
"D784","RED","LED_0603_1608Metric",192.000000,-193.000000,90.000000,top
"D785","RED","LED_0603_1608Metric",195.000000,-193.000000,90.000000,top
"D786","RED","LED_0603_1608Metric",174.000000,-190.000000,90.000000,top
"D787","RED","LED_0603_1608Metric",177.000000,-190.000000,90.000000,top
"D788","RED","LED_0603_1608Metric",180.000000,-190.000000,90.000000,top
"D789","RED","LED_0603_1608Metric",183.000000,-190.000000,90.000000,top
"D790","RED","LED_0603_1608Metric",186.000000,-190.000000,90.000000,top
"D791","RED","LED_0603_1608Metric",189.000000,-190.000000,90.000000,top
"D792","RED","LED_0603_1608Metric",192.000000,-190.000000,90.000000,top
"D793","RED","LED_0603_1608Metric",195.000000,-190.000000,90.000000,top
"D794","RED","LED_0603_1608Metric",174.000000,-172.000000,90.000000,top
"D795","RED","LED_0603_1608Metric",177.000000,-172.000000,90.000000,top
"D796","RED","LED_0603_1608Metric",180.000000,-172.000000,90.000000,top
"D797","RED","LED_0603_1608Metric",183.000000,-172.000000,90.000000,top
"D798","RED","LED_0603_1608Metric",186.000000,-172.000000,90.000000,top
"D799","RED","LED_0603_1608Metric",189.000000,-172.000000,90.000000,top
"D800","RED","LED_0603_1608Metric",192.000000,-172.000000,90.000000,top
"D801","RED","LED_0603_1608Metric",195.000000,-172.000000,90.000000,top
"D802","RED","LED_0603_1608Metric",174.000000,-175.000000,90.000000,top
"D803","RED","LED_0603_1608Metric",177.000000,-175.000000,90.000000,top
"D804","RED","LED_0603_1608Metric",180.000000,-175.000000,90.000000,top
"D805","RED","LED_0603_1608Metric",183.000000,-175.000000,90.000000,top
"D806","RED","LED_0603_1608Metric",186.000000,-175.000000,90.000000,top
"D807","RED","LED_0603_1608Metric",189.000000,-175.000000,90.000000,top
"D808","RED","LED_0603_1608Metric",192.000000,-175.000000,90.000000,top
"D809","RED","LED_0603_1608Metric",195.000000,-175.000000,90.000000,top
"D810","RED","LED_0603_1608Metric",174.000000,-184.000000,90.000000,top
"D811","RED","LED_0603_1608Metric",177.000000,-184.000000,90.000000,top
"D812","RED","LED_0603_1608Metric",180.000000,-184.000000,90.000000,top
"D813","RED","LED_0603_1608Metric",183.000000,-184.000000,90.000000,top
"D814","RED","LED_0603_1608Metric",186.000000,-184.000000,90.000000,top
"D815","RED","LED_0603_1608Metric",189.000000,-184.000000,90.000000,top
"D816","RED","LED_0603_1608Metric",192.000000,-184.000000,90.000000,top
"D817","RED","LED_0603_1608Metric",195.000000,-184.000000,90.000000,top
"D818","RED","LED_0603_1608Metric",174.000000,-181.000000,90.000000,top
"D819","RED","LED_0603_1608Metric",177.000000,-181.000000,90.000000,top
"D820","RED","LED_0603_1608Metric",180.000000,-181.000000,90.000000,top
"D821","RED","LED_0603_1608Metric",183.000000,-181.000000,90.000000,top
"D822","RED","LED_0603_1608Metric",186.000000,-181.000000,90.000000,top
"D823","RED","LED_0603_1608Metric",189.000000,-181.000000,90.000000,top
"D824","RED","LED_0603_1608Metric",192.000000,-181.000000,90.000000,top
"D825","RED","LED_0603_1608Metric",195.000000,-181.000000,90.000000,top
"D826","RED","LED_0603_1608Metric",174.000000,-178.000000,90.000000,top
"D827","RED","LED_0603_1608Metric",177.000000,-178.000000,90.000000,top
"D828","RED","LED_0603_1608Metric",180.000000,-178.000000,90.000000,top
"D829","RED","LED_0603_1608Metric",183.000000,-178.000000,90.000000,top
"D830","RED","LED_0603_1608Metric",186.000000,-178.000000,90.000000,top
"D831","RED","LED_0603_1608Metric",189.000000,-178.000000,90.000000,top
"D832","RED","LED_0603_1608Metric",192.000000,-178.000000,90.000000,top
"D833","RED","LED_0603_1608Metric",195.000000,-178.000000,90.000000,top
"D834","RED","LED_0603_1608Metric",150.000000,-187.000000,90.000000,top
"D835","RED","LED_0603_1608Metric",153.000000,-187.000000,90.000000,top
"D836","RED","LED_0603_1608Metric",156.000000,-187.000000,90.000000,top
"D837","RED","LED_0603_1608Metric",159.000000,-187.000000,90.000000,top
"D838","RED","LED_0603_1608Metric",162.000000,-187.000000,90.000000,top
"D839","RED","LED_0603_1608Metric",165.000000,-187.000000,90.000000,top
"D840","RED","LED_0603_1608Metric",168.000000,-187.000000,90.000000,top
"D841","RED","LED_0603_1608Metric",171.000000,-187.000000,90.000000,top
"D842","RED","LED_0603_1608Metric",150.000000,-193.000000,90.000000,top
"D843","RED","LED_0603_1608Metric",153.000000,-193.000000,90.000000,top
"D844","RED","LED_0603_1608Metric",156.000000,-193.000000,90.000000,top
"D845","RED","LED_0603_1608Metric",159.000000,-193.000000,90.000000,top
"D846","RED","LED_0603_1608Metric",162.000000,-193.000000,90.000000,top
"D847","RED","LED_0603_1608Metric",165.000000,-193.000000,90.000000,top
"D848","RED","LED_0603_1608Metric",168.000000,-193.000000,90.000000,top
"D849","RED","LED_0603_1608Metric",171.000000,-193.000000,90.000000,top
"D850","RED","LED_0603_1608Metric",150.000000,-190.000000,90.000000,top
"D851","RED","LED_0603_1608Metric",153.000000,-190.000000,90.000000,top
"D852","RED","LED_0603_1608Metric",156.000000,-190.000000,90.000000,top
"D853","RED","LED_0603_1608Metric",159.000000,-190.000000,90.000000,top
"D854","RED","LED_0603_1608Metric",162.000000,-190.000000,90.000000,top
"D855","RED","LED_0603_1608Metric",165.000000,-190.000000,90.000000,top
"D856","RED","LED_0603_1608Metric",168.000000,-190.000000,90.000000,top
"D857","RED","LED_0603_1608Metric",171.000000,-190.000000,90.000000,top
"D858","RED","LED_0603_1608Metric",150.000000,-172.000000,90.000000,top
"D859","RED","LED_0603_1608Metric",153.000000,-172.000000,90.000000,top
"D860","RED","LED_0603_1608Metric",156.000000,-172.000000,90.000000,top
"D861","RED","LED_0603_1608Metric",159.000000,-172.000000,90.000000,top
"D862","RED","LED_0603_1608Metric",162.000000,-172.000000,90.000000,top
"D863","RED","LED_0603_1608Metric",165.000000,-172.000000,90.000000,top
"D864","RED","LED_0603_1608Metric",168.000000,-172.000000,90.000000,top
"D865","RED","LED_0603_1608Metric",171.000000,-172.000000,90.000000,top
"D866","RED","LED_0603_1608Metric",150.000000,-175.000000,90.000000,top
"D867","RED","LED_0603_1608Metric",153.000000,-175.000000,90.000000,top
"D868","RED","LED_0603_1608Metric",156.000000,-175.000000,90.000000,top
"D869","RED","LED_0603_1608Metric",159.000000,-175.000000,90.000000,top
"D870","RED","LED_0603_1608Metric",162.000000,-175.000000,90.000000,top
"D871","RED","LED_0603_1608Metric",165.000000,-175.000000,90.000000,top
"D872","RED","LED_0603_1608Metric",168.000000,-175.000000,90.000000,top
"D873","RED","LED_0603_1608Metric",171.000000,-175.000000,90.000000,top
"D874","RED","LED_0603_1608Metric",150.000000,-184.000000,90.000000,top
"D875","RED","LED_0603_1608Metric",153.000000,-184.000000,90.000000,top
"D876","RED","LED_0603_1608Metric",156.000000,-184.000000,90.000000,top
"D877","RED","LED_0603_1608Metric",159.000000,-184.000000,90.000000,top
"D878","RED","LED_0603_1608Metric",162.000000,-184.000000,90.000000,top
"D879","RED","LED_0603_1608Metric",165.000000,-184.000000,90.000000,top
"D880","RED","LED_0603_1608Metric",168.000000,-184.000000,90.000000,top
"D881","RED","LED_0603_1608Metric",171.000000,-184.000000,90.000000,top
"D882","RED","LED_0603_1608Metric",150.000000,-181.000000,90.000000,top
"D883","RED","LED_0603_1608Metric",153.000000,-181.000000,90.000000,top
"D884","RED","LED_0603_1608Metric",156.000000,-181.000000,90.000000,top
"D885","RED","LED_0603_1608Metric",159.000000,-181.000000,90.000000,top
"D886","RED","LED_0603_1608Metric",162.000000,-181.000000,90.000000,top
"D887","RED","LED_0603_1608Metric",165.000000,-181.000000,90.000000,top
"D888","RED","LED_0603_1608Metric",168.000000,-181.000000,90.000000,top
"D889","RED","LED_0603_1608Metric",171.000000,-181.000000,90.000000,top
"D890","RED","LED_0603_1608Metric",150.000000,-178.000000,90.000000,top
"D891","RED","LED_0603_1608Metric",153.000000,-178.000000,90.000000,top
"D892","RED","LED_0603_1608Metric",156.000000,-178.000000,90.000000,top
"D893","RED","LED_0603_1608Metric",159.000000,-178.000000,90.000000,top
"D894","RED","LED_0603_1608Metric",162.000000,-178.000000,90.000000,top
"D895","RED","LED_0603_1608Metric",165.000000,-178.000000,90.000000,top
"D896","RED","LED_0603_1608Metric",168.000000,-178.000000,90.000000,top
"D897","RED","LED_0603_1608Metric",171.000000,-178.000000,90.000000,top
"D898","RED","LED_0603_1608Metric",198.000000,-187.000000,90.000000,top
"D899","RED","LED_0603_1608Metric",201.000000,-187.000000,90.000000,top
"D900","RED","LED_0603_1608Metric",204.000000,-187.000000,90.000000,top
"D901","RED","LED_0603_1608Metric",207.000000,-187.000000,90.000000,top
"D902","RED","LED_0603_1608Metric",210.000000,-187.000000,90.000000,top
"D903","RED","LED_0603_1608Metric",213.000000,-187.000000,90.000000,top
"D904","RED","LED_0603_1608Metric",216.000000,-187.000000,90.000000,top
"D905","RED","LED_0603_1608Metric",219.000000,-187.000000,90.000000,top
"D906","RED","LED_0603_1608Metric",198.000000,-193.000000,90.000000,top
"D907","RED","LED_0603_1608Metric",201.000000,-193.000000,90.000000,top
"D908","RED","LED_0603_1608Metric",204.000000,-193.000000,90.000000,top
"D909","RED","LED_0603_1608Metric",207.000000,-193.000000,90.000000,top
"D910","RED","LED_0603_1608Metric",210.000000,-193.000000,90.000000,top
"D911","RED","LED_0603_1608Metric",213.000000,-193.000000,90.000000,top
"D912","RED","LED_0603_1608Metric",216.000000,-193.000000,90.000000,top
"D913","RED","LED_0603_1608Metric",219.000000,-193.000000,90.000000,top
"D914","RED","LED_0603_1608Metric",198.000000,-190.000000,90.000000,top
"D915","RED","LED_0603_1608Metric",201.000000,-190.000000,90.000000,top
"D916","RED","LED_0603_1608Metric",204.000000,-190.000000,90.000000,top
"D917","RED","LED_0603_1608Metric",207.000000,-190.000000,90.000000,top
"D918","RED","LED_0603_1608Metric",210.000000,-190.000000,90.000000,top
"D919","RED","LED_0603_1608Metric",213.000000,-190.000000,90.000000,top
"D920","RED","LED_0603_1608Metric",216.000000,-190.000000,90.000000,top
"D921","RED","LED_0603_1608Metric",219.000000,-190.000000,90.000000,top
"D922","RED","LED_0603_1608Metric",198.000000,-172.000000,90.000000,top
"D923","RED","LED_0603_1608Metric",201.000000,-172.000000,90.000000,top
"D924","RED","LED_0603_1608Metric",204.000000,-172.000000,90.000000,top
"D925","RED","LED_0603_1608Metric",207.000000,-172.000000,90.000000,top
"D926","RED","LED_0603_1608Metric",210.000000,-172.000000,90.000000,top
"D927","RED","LED_0603_1608Metric",213.000000,-172.000000,90.000000,top
"D928","RED","LED_0603_1608Metric",216.000000,-172.000000,90.000000,top
"D929","RED","LED_0603_1608Metric",219.000000,-172.000000,90.000000,top
"D930","RED","LED_0603_1608Metric",198.000000,-175.000000,90.000000,top
"D931","RED","LED_0603_1608Metric",201.000000,-175.000000,90.000000,top
"D932","RED","LED_0603_1608Metric",204.000000,-175.000000,90.000000,top
"D933","RED","LED_0603_1608Metric",207.000000,-175.000000,90.000000,top
"D934","RED","LED_0603_1608Metric",210.000000,-175.000000,90.000000,top
"D935","RED","LED_0603_1608Metric",213.000000,-175.000000,90.000000,top
"D936","RED","LED_0603_1608Metric",216.000000,-175.000000,90.000000,top
"D937","RED","LED_0603_1608Metric",219.000000,-175.000000,90.000000,top
"D938","RED","LED_0603_1608Metric",198.000000,-184.000000,90.000000,top
"D939","RED","LED_0603_1608Metric",201.000000,-184.000000,90.000000,top
"D940","RED","LED_0603_1608Metric",204.000000,-184.000000,90.000000,top
"D941","RED","LED_0603_1608Metric",207.000000,-184.000000,90.000000,top
"D942","RED","LED_0603_1608Metric",210.000000,-184.000000,90.000000,top
"D943","RED","LED_0603_1608Metric",213.000000,-184.000000,90.000000,top
"D944","RED","LED_0603_1608Metric",216.000000,-184.000000,90.000000,top
"D945","RED","LED_0603_1608Metric",219.000000,-184.000000,90.000000,top
"D946","RED","LED_0603_1608Metric",198.000000,-181.000000,90.000000,top
"D947","RED","LED_0603_1608Metric",201.000000,-181.000000,90.000000,top
"D948","RED","LED_0603_1608Metric",204.000000,-181.000000,90.000000,top
"D949","RED","LED_0603_1608Metric",207.000000,-181.000000,90.000000,top
"D950","RED","LED_0603_1608Metric",210.000000,-181.000000,90.000000,top
"D951","RED","LED_0603_1608Metric",213.000000,-181.000000,90.000000,top
"D952","RED","LED_0603_1608Metric",216.000000,-181.000000,90.000000,top
"D953","RED","LED_0603_1608Metric",219.000000,-181.000000,90.000000,top
"D954","RED","LED_0603_1608Metric",198.000000,-178.000000,90.000000,top
"D955","RED","LED_0603_1608Metric",201.000000,-178.000000,90.000000,top
"D956","RED","LED_0603_1608Metric",204.000000,-178.000000,90.000000,top
"D957","RED","LED_0603_1608Metric",207.000000,-178.000000,90.000000,top
"D958","RED","LED_0603_1608Metric",210.000000,-178.000000,90.000000,top
"D959","RED","LED_0603_1608Metric",213.000000,-178.000000,90.000000,top
"D960","RED","LED_0603_1608Metric",216.000000,-178.000000,90.000000,top
"D961","RED","LED_0603_1608Metric",219.000000,-178.000000,90.000000,top
"D962","RED","LED_0603_1608Metric",222.000000,-187.000000,90.000000,top
"D963","RED","LED_0603_1608Metric",225.000000,-187.000000,90.000000,top
"D964","RED","LED_0603_1608Metric",228.000000,-187.000000,90.000000,top
"D965","RED","LED_0603_1608Metric",231.000000,-187.000000,90.000000,top
"D966","RED","LED_0603_1608Metric",234.000000,-187.000000,90.000000,top
"D967","RED","LED_0603_1608Metric",237.000000,-187.000000,90.000000,top
"D968","RED","LED_0603_1608Metric",240.000000,-187.000000,90.000000,top
"D969","RED","LED_0603_1608Metric",243.000000,-187.000000,90.000000,top
"D970","RED","LED_0603_1608Metric",222.000000,-193.000000,90.000000,top
"D971","RED","LED_0603_1608Metric",225.000000,-193.000000,90.000000,top
"D972","RED","LED_0603_1608Metric",228.000000,-193.000000,90.000000,top
"D973","RED","LED_0603_1608Metric",231.000000,-193.000000,90.000000,top
"D974","RED","LED_0603_1608Metric",234.000000,-193.000000,90.000000,top
"D975","RED","LED_0603_1608Metric",237.000000,-193.000000,90.000000,top
"D976","RED","LED_0603_1608Metric",240.000000,-193.000000,90.000000,top
"D977","RED","LED_0603_1608Metric",243.000000,-193.000000,90.000000,top
"D978","RED","LED_0603_1608Metric",222.000000,-190.000000,90.000000,top
"D979","RED","LED_0603_1608Metric",225.000000,-190.000000,90.000000,top
"D980","RED","LED_0603_1608Metric",228.000000,-190.000000,90.000000,top
"D981","RED","LED_0603_1608Metric",231.000000,-190.000000,90.000000,top
"D982","RED","LED_0603_1608Metric",234.000000,-190.000000,90.000000,top
"D983","RED","LED_0603_1608Metric",237.000000,-190.000000,90.000000,top
"D984","RED","LED_0603_1608Metric",240.000000,-190.000000,90.000000,top
"D985","RED","LED_0603_1608Metric",243.000000,-190.000000,90.000000,top
"D986","RED","LED_0603_1608Metric",222.000000,-172.000000,90.000000,top
"D987","RED","LED_0603_1608Metric",225.000000,-172.000000,90.000000,top
"D988","RED","LED_0603_1608Metric",228.000000,-172.000000,90.000000,top
"D989","RED","LED_0603_1608Metric",231.000000,-172.000000,90.000000,top
"D990","RED","LED_0603_1608Metric",234.000000,-172.000000,90.000000,top
"D991","RED","LED_0603_1608Metric",237.000000,-172.000000,90.000000,top
"D992","RED","LED_0603_1608Metric",240.000000,-172.000000,90.000000,top
"D993","RED","LED_0603_1608Metric",243.000000,-172.000000,90.000000,top
"D994","RED","LED_0603_1608Metric",222.000000,-175.000000,90.000000,top
"D995","RED","LED_0603_1608Metric",225.000000,-175.000000,90.000000,top
"D996","RED","LED_0603_1608Metric",228.000000,-175.000000,90.000000,top
"D997","RED","LED_0603_1608Metric",231.000000,-175.000000,90.000000,top
"D998","RED","LED_0603_1608Metric",234.000000,-175.000000,90.000000,top
"D999","RED","LED_0603_1608Metric",237.000000,-175.000000,90.000000,top
"D1000","RED","LED_0603_1608Metric",240.000000,-175.000000,90.000000,top
"D1001","RED","LED_0603_1608Metric",243.000000,-175.000000,90.000000,top
"D1002","RED","LED_0603_1608Metric",222.000000,-184.000000,90.000000,top
"D1003","RED","LED_0603_1608Metric",225.000000,-184.000000,90.000000,top
"D1004","RED","LED_0603_1608Metric",228.000000,-184.000000,90.000000,top
"D1005","RED","LED_0603_1608Metric",231.000000,-184.000000,90.000000,top
"D1006","RED","LED_0603_1608Metric",234.000000,-184.000000,90.000000,top
"D1007","RED","LED_0603_1608Metric",237.000000,-184.000000,90.000000,top
"D1008","RED","LED_0603_1608Metric",240.000000,-184.000000,90.000000,top
"D1009","RED","LED_0603_1608Metric",243.000000,-184.000000,90.000000,top
"D1010","RED","LED_0603_1608Metric",222.000000,-181.000000,90.000000,top
"D1011","RED","LED_0603_1608Metric",225.000000,-181.000000,90.000000,top
"D1012","RED","LED_0603_1608Metric",228.000000,-181.000000,90.000000,top
"D1013","RED","LED_0603_1608Metric",231.000000,-181.000000,90.000000,top
"D1014","RED","LED_0603_1608Metric",234.000000,-181.000000,90.000000,top
"D1015","RED","LED_0603_1608Metric",237.000000,-181.000000,90.000000,top
"D1016","RED","LED_0603_1608Metric",240.000000,-181.000000,90.000000,top
"D1017","RED","LED_0603_1608Metric",243.000000,-181.000000,90.000000,top
"D1018","RED","LED_0603_1608Metric",222.000000,-178.000000,90.000000,top
"D1019","RED","LED_0603_1608Metric",225.000000,-178.000000,90.000000,top
"D1020","RED","LED_0603_1608Metric",228.000000,-178.000000,90.000000,top
"D1021","RED","LED_0603_1608Metric",231.000000,-178.000000,90.000000,top
"D1022","RED","LED_0603_1608Metric",234.000000,-178.000000,90.000000,top
"D1023","RED","LED_0603_1608Metric",237.000000,-178.000000,90.000000,top
"D1024","RED","LED_0603_1608Metric",240.000000,-178.000000,90.000000,top
"D1025","RED","LED_0603_1608Metric",243.000000,-178.000000,90.000000,top
"FB1","120FB","L_0603_1608Metric",123.400000,-145.100000,0.000000,top
"J1","Conn_01x04_Pin","PinHeader_1x04_P2.54mm_Vertical",98.000000,-178.580000,180.000000,top
"J2","USB_B_Micro","USB_Micro-B_Wuerth_629105150521",99.350000,-153.350000,-90.000000,top
"L1","10u","L_6.3x6.3_H3",116.600000,-167.300000,0.000000,top
"Q1","Q_NMOS_GDS","SOT-23",118.537500,-137.150000,0.000000,top
"Q2","Q_NMOS_GDS","SOT-23",126.537500,-113.150000,0.000000,top
"Q3","Q_NMOS_GDS","SOT-23",118.537500,-129.150000,0.000000,top
"Q4","Q_NMOS_GDS","SOT-23",126.537500,-121.150000,0.000000,top
"Q5","Q_NMOS_GDS","SOT-23",118.537500,-121.150000,0.000000,top
"Q6","Q_NMOS_GDS","SOT-23",126.537500,-129.150000,0.000000,top
"Q7","Q_NMOS_GDS","SOT-23",118.537500,-113.150000,0.000000,top
"Q8","Q_NMOS_GDS","SOT-23",126.537500,-137.150000,0.000000,top
"R1","10k","R_0402_1005Metric",108.600000,-170.800000,180.000000,top
"R2","3k16","R_0402_1005Metric",117.100000,-172.600000,0.000000,top
"R3","1k","R_0402_1005Metric",111.800000,-172.600000,0.000000,top
"R4","10k","R_0402_1005Metric",112.000000,-160.710000,90.000000,top
"R5","470","R_0402_1005Metric",119.600000,-145.000000,-90.000000,top
"R6","1k5","R_0402_1005Metric",103.937500,-154.100000,-90.000000,top
"R7","330","R_0402_1005Metric",145.375000,-101.433333,0.000000,top
"R8","330","R_0402_1005Metric",134.000000,-100.000000,180.000000,top
"R9","330","R_0402_1005Metric",134.000000,-101.433333,180.000000,top
"R10","330","R_0402_1005Metric",134.000000,-102.866666,180.000000,top
"R11","330","R_0402_1005Metric",134.000000,-104.299999,180.000000,top
"R12","330","R_0402_1005Metric",134.000000,-105.733332,180.000000,top
"R13","330","R_0402_1005Metric",134.000000,-107.166665,180.000000,top
"R14","330","R_0402_1005Metric",134.000000,-108.600000,180.000000,top
"R15","330","R_0402_1005Metric",145.366667,-113.282000,0.000000,top
"R16","330","R_0402_1005Metric",133.991667,-111.848667,180.000000,top
"R17","330","R_0402_1005Metric",133.991667,-113.282000,180.000000,top
"R18","330","R_0402_1005Metric",133.991667,-114.715333,180.000000,top
"R19","330","R_0402_1005Metric",133.991667,-116.148666,180.000000,top
"R20","330","R_0402_1005Metric",133.991667,-117.581999,180.000000,top
"R21","330","R_0402_1005Metric",133.991667,-119.015332,180.000000,top
"R22","330","R_0402_1005Metric",133.991667,-120.448667,180.000000,top
"R23","330","R_0402_1005Metric",258.385000,-101.628335,0.000000,top
"R24","330","R_0402_1005Metric",247.910000,-99.433335,180.000000,top
"R25","330","R_0402_1005Metric",247.910000,-100.866668,180.000000,top
"R26","330","R_0402_1005Metric",247.910000,-102.300001,180.000000,top
"R27","330","R_0402_1005Metric",247.910000,-103.733334,180.000000,top
"R28","330","R_0402_1005Metric",247.910000,-105.166667,180.000000,top
"R29","330","R_0402_1005Metric",247.910000,-106.600000,180.000000,top
"R30","330","R_0402_1005Metric",247.910000,-108.033335,180.000000,top
"R31","330","R_0402_1005Metric",258.385000,-113.438335,0.000000,top
"R32","330","R_0402_1005Metric",247.990000,-111.233334,180.000000,top
"R33","330","R_0402_1005Metric",247.990000,-112.666667,180.000000,top
"R34","330","R_0402_1005Metric",247.990000,-114.100000,180.000000,top
"R35","330","R_0402_1005Metric",247.990000,-115.533333,180.000000,top
"R36","330","R_0402_1005Metric",247.990000,-116.966666,180.000000,top
"R37","330","R_0402_1005Metric",247.990000,-118.399999,180.000000,top
"R38","330","R_0402_1005Metric",247.990000,-119.833334,180.000000,top
"R39","330","R_0402_1005Metric",145.366667,-137.282000,0.000000,top
"R40","330","R_0402_1005Metric",133.991667,-135.848667,180.000000,top
"R41","330","R_0402_1005Metric",133.991667,-137.282000,180.000000,top
"R42","330","R_0402_1005Metric",133.991667,-138.715333,180.000000,top
"R43","330","R_0402_1005Metric",133.991667,-140.148666,180.000000,top
"R44","330","R_0402_1005Metric",133.991667,-141.581999,180.000000,top
"R45","330","R_0402_1005Metric",133.991667,-143.015332,180.000000,top
"R46","330","R_0402_1005Metric",133.991667,-144.448667,180.000000,top
"R47","330","R_0402_1005Metric",145.375000,-125.433333,0.000000,top
"R48","330","R_0402_1005Metric",134.000000,-124.000000,180.000000,top
"R49","330","R_0402_1005Metric",134.000000,-125.433333,180.000000,top
"R50","330","R_0402_1005Metric",134.000000,-126.866666,180.000000,top
"R51","330","R_0402_1005Metric",134.000000,-128.299999,180.000000,top
"R52","330","R_0402_1005Metric",134.000000,-129.733332,180.000000,top
"R53","330","R_0402_1005Metric",134.000000,-131.166665,180.000000,top
"R54","330","R_0402_1005Metric",134.000000,-132.600000,180.000000,top
"R55","330","R_0402_1005Metric",258.385000,-125.628335,0.000000,top
"R56","330","R_0402_1005Metric",247.910000,-123.433335,180.000000,top
"R57","330","R_0402_1005Metric",247.910000,-124.866668,180.000000,top
"R58","330","R_0402_1005Metric",247.910000,-126.300001,180.000000,top
"R59","330","R_0402_1005Metric",247.910000,-127.733334,180.000000,top
"R60","330","R_0402_1005Metric",247.910000,-129.166667,180.000000,top
"R61","330","R_0402_1005Metric",247.910000,-130.600000,180.000000,top
"R62","330","R_0402_1005Metric",247.910000,-132.033335,180.000000,top
"R63","330","R_0402_1005Metric",258.385000,-137.438335,0.000000,top
"R64","330","R_0402_1005Metric",247.990000,-135.233334,180.000000,top
"R65","330","R_0402_1005Metric",247.990000,-136.666667,180.000000,top
"R66","330","R_0402_1005Metric",247.990000,-138.100000,180.000000,top
"R67","330","R_0402_1005Metric",247.990000,-139.533333,180.000000,top
"R68","330","R_0402_1005Metric",247.990000,-140.966666,180.000000,top
"R69","330","R_0402_1005Metric",247.990000,-142.399999,180.000000,top
"R70","330","R_0402_1005Metric",247.990000,-143.833334,180.000000,top
"R71","330","R_0402_1005Metric",145.366667,-161.282000,0.000000,top
"R72","330","R_0402_1005Metric",133.991667,-159.848667,180.000000,top
"R73","330","R_0402_1005Metric",133.991667,-161.282000,180.000000,top
"R74","330","R_0402_1005Metric",133.991667,-162.715333,180.000000,top
"R75","330","R_0402_1005Metric",133.991667,-164.148666,180.000000,top
"R76","330","R_0402_1005Metric",133.991667,-165.581999,180.000000,top
"R77","330","R_0402_1005Metric",133.991667,-167.015332,180.000000,top
"R78","330","R_0402_1005Metric",133.991667,-168.448667,180.000000,top
"R79","330","R_0402_1005Metric",145.375000,-149.433333,0.000000,top
"R80","330","R_0402_1005Metric",134.000000,-148.000000,180.000000,top
"R81","330","R_0402_1005Metric",134.000000,-149.433333,180.000000,top
"R82","330","R_0402_1005Metric",134.000000,-150.866666,180.000000,top
"R83","330","R_0402_1005Metric",134.000000,-152.299999,180.000000,top
"R84","330","R_0402_1005Metric",134.000000,-153.733332,180.000000,top
"R85","330","R_0402_1005Metric",134.000000,-155.166665,180.000000,top
"R86","330","R_0402_1005Metric",134.000000,-156.600000,180.000000,top
"R87","330","R_0402_1005Metric",258.385000,-149.628335,0.000000,top
"R88","330","R_0402_1005Metric",247.910000,-147.433335,180.000000,top
"R89","330","R_0402_1005Metric",247.910000,-148.866668,180.000000,top
"R90","330","R_0402_1005Metric",247.910000,-150.300001,180.000000,top
"R91","330","R_0402_1005Metric",247.910000,-151.733334,180.000000,top
"R92","330","R_0402_1005Metric",247.910000,-153.166667,180.000000,top
"R93","330","R_0402_1005Metric",247.910000,-154.600000,180.000000,top
"R94","330","R_0402_1005Metric",247.910000,-156.033335,180.000000,top
"R95","330","R_0402_1005Metric",258.385000,-161.438335,0.000000,top
"R96","330","R_0402_1005Metric",247.990000,-159.233334,180.000000,top
"R97","330","R_0402_1005Metric",247.990000,-160.666667,180.000000,top
"R98","330","R_0402_1005Metric",247.990000,-162.100000,180.000000,top
"R99","330","R_0402_1005Metric",247.990000,-163.533333,180.000000,top
"R100","330","R_0402_1005Metric",247.990000,-164.966666,180.000000,top
"R101","330","R_0402_1005Metric",247.990000,-166.399999,180.000000,top
"R102","330","R_0402_1005Metric",247.990000,-167.833334,180.000000,top
"R103","330","R_0402_1005Metric",145.366667,-185.282000,0.000000,top
"R104","330","R_0402_1005Metric",133.991667,-183.848667,180.000000,top
"R105","330","R_0402_1005Metric",133.991667,-185.282000,180.000000,top
"R106","330","R_0402_1005Metric",133.991667,-186.715333,180.000000,top
"R107","330","R_0402_1005Metric",133.991667,-188.148666,180.000000,top
"R108","330","R_0402_1005Metric",133.991667,-189.581999,180.000000,top
"R109","330","R_0402_1005Metric",133.991667,-191.015332,180.000000,top
"R110","330","R_0402_1005Metric",133.991667,-192.448667,180.000000,top
"R111","330","R_0402_1005Metric",145.375000,-173.433333,0.000000,top
"R112","330","R_0402_1005Metric",134.000000,-172.000000,180.000000,top
"R113","330","R_0402_1005Metric",134.000000,-173.433333,180.000000,top
"R114","330","R_0402_1005Metric",134.000000,-174.866666,180.000000,top
"R115","330","R_0402_1005Metric",134.000000,-176.299999,180.000000,top
"R116","330","R_0402_1005Metric",134.000000,-177.733332,180.000000,top
"R117","330","R_0402_1005Metric",134.000000,-179.166665,180.000000,top
"R118","330","R_0402_1005Metric",134.000000,-180.600000,180.000000,top
"R119","330","R_0402_1005Metric",258.385000,-173.628335,0.000000,top
"R120","330","R_0402_1005Metric",247.910000,-171.433335,180.000000,top
"R121","330","R_0402_1005Metric",247.910000,-172.866668,180.000000,top
"R122","330","R_0402_1005Metric",247.910000,-174.300001,180.000000,top
"R123","330","R_0402_1005Metric",247.910000,-175.733334,180.000000,top
"R124","330","R_0402_1005Metric",247.910000,-177.166667,180.000000,top
"R125","330","R_0402_1005Metric",247.910000,-178.600000,180.000000,top
"R126","330","R_0402_1005Metric",247.910000,-180.033335,180.000000,top
"R127","330","R_0402_1005Metric",258.385000,-185.438335,0.000000,top
"R128","330","R_0402_1005Metric",247.990000,-183.233334,180.000000,top
"R129","330","R_0402_1005Metric",247.990000,-184.666667,180.000000,top
"R130","330","R_0402_1005Metric",247.990000,-186.100000,180.000000,top
"R131","330","R_0402_1005Metric",247.990000,-187.533333,180.000000,top
"R132","330","R_0402_1005Metric",247.990000,-188.966666,180.000000,top
"R133","330","R_0402_1005Metric",247.990000,-190.399999,180.000000,top
"R134","330","R_0402_1005Metric",247.990000,-191.833334,180.000000,top
"U1","TPS54331DR","SOIC-8_3.9x4.9mm_P1.27mm",108.700000,-167.500000,0.000000,top
"U2","STM32F103C8T6","LQFP-48_7x7mm_P0.5mm",111.187500,-152.137500,180.000000,top
"U3","74HC595","SOIC-16_3.9x9.9mm_P1.27mm",139.675000,-104.595000,0.000000,top
"U4","74HC595","SOIC-16_3.9x9.9mm_P1.27mm",139.675000,-116.405000,0.000000,top
"U5","74HC595","SOIC-16_3.9x9.9mm_P1.27mm",253.325000,-104.595000,0.000000,top
"U6","74HC595","SOIC-16_3.9x9.9mm_P1.27mm",253.325000,-116.405000,0.000000,top
"U7","74HC595","SOIC-16_3.9x9.9mm_P1.27mm",139.675000,-140.405000,0.000000,top
"U8","74HC595","SOIC-16_3.9x9.9mm_P1.27mm",139.675000,-128.595000,0.000000,top
"U9","74HC595","SOIC-16_3.9x9.9mm_P1.27mm",253.325000,-128.595000,0.000000,top
"U10","74HC595","SOIC-16_3.9x9.9mm_P1.27mm",253.325000,-140.405000,0.000000,top
"U11","74HC595","SOIC-16_3.9x9.9mm_P1.27mm",139.675000,-164.405000,0.000000,top
"U12","74HC595","SOIC-16_3.9x9.9mm_P1.27mm",139.675000,-152.595000,0.000000,top
"U13","74HC595","SOIC-16_3.9x9.9mm_P1.27mm",253.325000,-152.595000,0.000000,top
"U14","74HC595","SOIC-16_3.9x9.9mm_P1.27mm",253.325000,-164.405000,0.000000,top
"U15","74HC595","SOIC-16_3.9x9.9mm_P1.27mm",139.675000,-188.405000,0.000000,top
"U16","74HC595","SOIC-16_3.9x9.9mm_P1.27mm",139.675000,-176.595000,0.000000,top
"U17","74HC595","SOIC-16_3.9x9.9mm_P1.27mm",253.325000,-176.595000,0.000000,top
"U18","74HC595","SOIC-16_3.9x9.9mm_P1.27mm",253.325000,-188.405000,0.000000,top
"Y1","16MHz","Crystal_SMD_3225-4Pin_3.2x2.5mm",120.400000,-153.751000,90.000000,top
